Year,Gasage (yr BP) ,CO2 (ppmv),sigma mean CO2 (ppmv)
2001,-51.02999999999997,368.02248790241714,0.06044223118819268
1998,-48.0,361.78073658846415,0.37
1996,-46.27927212999998,359.6477931830841,0.09800013305630571
1994,-44.40564212000004,357.10673969933646,0.15992297477058243
1993,-43.07999999999993,353.94668533391206,0.043007103067185457
1992,-42.313517060000095,353.72423581425323,0.22109260758219432
1991,-41.134816709999996,352.41630841973364,0.10224717910565151
1989,-39.97139973000003,350.8086522409729,0.1618703262528373
1989,-39.407967809999946,349.8002703595191,0.13522326519795974
1988,-38.966334940000024,349.27841464963046,0.1261487222797995
1988,-38.06951193000009,347.59740561133145,0.4031964736043833
1987,-37.20859160000009,345.44120600376243,0.03236440260727777
1986,-36.616016200000104,344.71776861346984,0.09387945585027316
1986,-36.14322833999995,343.9736767615952,0.060520378828762864
1985,-35.76218001999996,343.1107520502481,0.14370612931476692
1984,-34.916752950000046,342.0519764062061,0.46168058172044946
1983,-33.07684986999993,341.3292967441024,0.09745203958926607
1983,-33.02591865999989,339.4604885213476,0.30194194663196283
1979,-29.14258988000006,334.84855553252345,0.3749721983570837
1976,-26.796750369999927,335.54695345792317,0.6340970031591255
1976,-26.67036968000002,332.3689555204767,1.2670729590719434
1975,-25.570921230000067,332.3656863259178,0.03940064690413842
1974,-24.133413320000045,331.54980566810485,0.6341096077098353
1972,-22.088334380000106,328.41588801232757,0.6341029732809323
1972,-22.041017810000085,330.3504422217994,2.2143920320771286
1970,-20.872681979999925,326.3093257445175,1.3421433574187778
1970,-20.65630200999999,326.6491948420144,1.1616820462425592
1970,-20.637150239999983,324.9059936630005,0.17552764973670698
1970,-20.22168347999991,324.5570616692709,0.6340878698843293
1969,-19.423218019999922,324.70605757685405,0.6340788835955808
1968,-18.98437082999999,325.07717594979096,0.6340901325992147
1968,-18.813869489999888,324.08551736938495,0.6340723741433282
1968,-18.53874855999993,320.38065078205506,1.161646626068965
1966,-16.78904407999994,320.4923553617883,1.161661606592592
1966,-16.54523532999997,322.1747797142201,1.3421349593107779
1965,-15.866011569999955,320.98156635342656,1.742192460570347
1965,-15.297878110000056,319.1950596158425,0.9505340862308761
1965,-15.226349230000096,319.8929363220089,0.6340673091157356
1963,-13.564495589999979,319.12347301713646,0.9414084379614795
1963,-13.200018279999995,319.06606441856763,0.6340641844304099
1962,-12.6152798600001,318.61106261456985,0.8978636498143594
1962,-12.542091540000001,317.4481354802273,0.6340573456508688
1962,-12.395341090000102,319.1381732232432,0.6340644686271447
1962,-12.321916399999964,317.5216280215933,0.6340576539777507
1961,-11.71589999999992,316.59261011941027,0.6354905315601179
1960,-10.568661719999909,318.20658038167187,1.7230639998931299
1960,-10.31404479999992,313.0933880516286,1.8125207605745384
1959,-9.092695849999927,311.98389241638387,1.8125192068450537
1958,-8.56297111999993,316.3340200101121,0.9414004868608352
1958,-8.102785849999918,316.1014028920352,1.7230606961916066
1957,-7.872424290000026,314.57216625352925,0.41090257566000843
1957,-7.257538840000052,315.2703546298443,1.1616551462109328
1957,-7.203373640000109,316.3253801823537,0.12694297547743788
1957,-7.103747099999964,314.4370577968855,0.7862770621623857
1956,-6.157200000000103,315.342073915026,0.6354715422654317
1954,-4.795964650000087,314.7139613439055,2.214638063555554
1953,-3.791544359999989,313.1710570119369,0.634039485403577
1953,-3.7139373699999396,312.8003637775662,0.6340379489030816
1953,-3.5585613600001125,312.22274083278216,1.4243345489180328
1952,-2.3839181700000154,312.1844627182946,0.4108872849421976
1950,-0.25090000000000146,312.0017776102837,0.6354211479753883
1949,0.33152825999991364,313.6602846482332,2.21463680836238
1948,1.225945319999937,309.6939936066409,0.4108714596531573
1947,2.2935130999999274,311.57094999761165,2.2146343319343007
1946,3.3366031699999894,310.36290017732523,0.634027909426397
1946,3.3731399599998895,312.8663621464335,2.214635865625694
1945,4.38416084000005,312.5596867804179,2.2146355017928885
1945,4.442779830000063,311.9671347125998,2.082558942026396
1945,4.6126112699998885,311.8114965345337,3.1236747780021643
1944,5.037190190000047,310.440204448011,2.564594558034493
1944,5.2356770799999595,311.2775834649954,0.4108815077188695
1944,5.490957340000023,310.224309572614,0.6340273214805324
1943,6.426352059999999,312.36164019507424,2.214635267170318
1942,7.792658919999894,311.878053578341,2.768216484789498
1942,7.964587149999943,312.8437329659678,2.5645970119051587
1941,8.22030175000009,312.393938618938,2.214635305646748
1940,9.160584629999903,311.80226771747726,2.214634605293885
1940,9.245991239999967,307.7386635857962,1.1616381875289121
1939,10.030999999999949,309.80091502114107,0.6353882419620955
1939,10.408172680000007,310.9510867188181,0.6340303293204513
1939,10.77751491999993,311.21179432912515,0.6340313851523534
1938,11.03227736000008,310.4566675193962,2.1689332920301743
1938,11.838400000000092,308.47982780846024,0.6353686009026864
1938,11.870147509999924,311.94102882822733,1.3421143195864766
1937,12.132119869999997,311.52050972739016,2.2146342737612597
1937,12.233306950000042,312.3293254879136,0.13456559096342216
1936,13.136785700000019,307.4076931745866,1.1616374521489643
1935,14.12664190999999,309.3446868650601,2.8704087232296542
1935,14.290543329999991,307.25859856593024,1.1616371204860099
1935,14.94369888999995,306.3197983876916,1.1616350386215593
1933,16.123575399999936,309.6306260790445,0.6340249031228801
1933,16.40695077999999,307.0755443187391,2.5645910826371363
1932,17.219075570000086,305.94402817135216,1.1616342071053372
1932,17.462700710000036,308.27919921307927,2.214630463891003
1932,17.70639580000011,308.25556223436706,0.6340192586104747
1930,19.17030616000011,305.7409186942765,1.4519014261034418
1929,20.613674270000047,305.3808267142061,0.06894633736248497
1928,21.256399999999985,305.78294147245686,0.6353287640642507
1928,21.46069323000006,305.70537216677735,0.9413710014212491
1928,21.843200000000024,305.66786848134046,0.635327071998837
1927,22.203540369999928,308.01874186181465,3.176223027041842
1925,24.686957090000078,304.96915678718324,0.634005914314666
1924,25.251618980000103,304.7159146968185,1.7230435237616446
1922,27.163116590000072,306.19862429992156,3.8173223180811386
1922,27.494957789999944,303.1815383191544,0.941364147841331
1919,30.2922188,301.8758603769565,1.1616252702369918
1918,31.331601200000023,304.61320734820134,2.2146262044343445
1917,32.12541188,303.85222132002366,0.6718501558877479
1915,34.213969129999896,301.9151507114715,0.6339936400662507
1914,35.60700403999999,300.7000886560916,2.4491914740965117
1912,37.484859689999894,301.29772622272134,0.6339911737445958
1911,38.71498595999992,299.25727749401767,1.723035440531635
1911,38.90461155999992,297.7268153632511,1.7230332142980243
1910,39.284149150000076,298.10624698316605,2.5645821961592494
1909,40.23523068999998,297.86910679162327,1.1616165851507216
1908,41.47609211000008,301.50413540464433,2.2146226319797626
1905,44.225799999999936,299.62686294971274,0.6352391314877226
1905,44.45643668999992,297.32821856127947,0.6339754377689106
1905,44.64919585999996,299.0235966178361,0.6339821331252458
1903,46.09347466000008,295.9913578166476,0.9413449338297226
1901,48.298125289999916,295.6106368299745,1.3300603706657033
1900,49.82164923999994,294.22072160003313,1.1616087777538207
1898,51.057595010000114,297.0473645165553,2.214617574875448
1898,51.34283968999989,295.2814574829282,0.6339674053652581
1893,56.24367503999997,293.80883068272027,0.9413391927125404
1893,56.34117893999996,293.16654166689625,1.7230266485152168
1893,56.9396999999999,295.3164626735822,0.6351774496644673
1892,57.12160448999998,294.8594308441452,1.7230290740754022
1892,57.6094814600001,295.17192926023625,0.6339669770888089
1889,60.1310578099999,290.9175394046256,1.161601792024331
1889,60.992519469999934,292.3423879392772,0.6760499604329714
1887,62.60553327000002,294.34178746728605,0.6339637362309404
1885,64.39987096999994,288.1157636999787,2.012887925404246
1884,65.82009999999991,289.2265988139854,0.6166072841793726
1883,66.20852756999989,289.7624132149648,0.9413286609713851
1882,67.07764627999995,292.46393479402104,0.9504624960170107
1879,70.04941602000008,287.7707291897673,1.1615952103179417
1876,73.09478323000008,289.3281310647417,0.633944356692999
1873,76.2620196800001,291.5581974658393,2.21461144979234
1872,77.17362217000004,286.6550967370638,1.3420669316299338
1870,79.95531419999998,286.32578146070443,1.161592212107517
1869,80.3438782799999,287.9864944292303,0.6339392271650133
1868,81.58508690999997,289.53614491302415,1.7230214941989352
1867,82.26960000000008,287.9922513016967,0.4127688331453147
1866,83.25611204999996,285.05229227816864,1.6774740623622912
1864,85.87161822999997,286.65415816058197,1.1615928921518885
1862,87.02144425999995,285.3533187571561,0.9413173514221531
1861,88.16551931000004,287.17456217295097,0.6339361344349255
1858,91.15595858000006,286.6330756116753,0.4107309168077066
1856,93.3796722699999,283.16210074754474,1.1615857002636663
1854,95.28161881999995,285.56557722684016,0.633930031404953
1853,96.29172496000001,288.05443747992655,2.2146075998489194
1851,98.89435269,285.4658308627274,0.6339296541845358
1850,99.173,288.7903954001126,0.4127858726824119
1850,99.73761839999997,284.00163402345765,1.161587421236867
1847,102.67820000000006,286.839237474432,0.6350587311227852
1845,104.09510939000006,283.6198856894272,1.3420615190225318
1844,105.34534607,283.1828720355646,1.1615857427816372
1844,105.53888998000002,283.5311237194569,1.1615864561027442
1843,106.70678711000005,281.58148260537183,1.1615824752609392
1840,109.17184283000006,283.6545457229947,0.6339228271586755
1836,113.2998,284.151983964357,0.9417990894248008
1833,116.82279999999992,283.82039231033946,0.9417960341280021
1832,117.12622381999995,285.0861666968484,0.9504437017476038
1826,123.07770000000005,285.90893992625405,0.6350459120608486
1824,125.25500000000011,281.3603652847592,0.9417734784570432
1813,136.34030000000007,284.43128758236145,0.9418016656981505
1799,150.6636000000001,282.7995518984052,0.7883985371923559
1796,153.5284999999999,280.40443666000317,1.722661879618002
1795,154.05649999999991,282.3047106620081,0.6349966382720811
1794,155.9034999999999,281.61711795078935,0.9417758234370921
1780,169.70010000000002,273.07371696468044,0.4124588939999544
1779,170.5109,280.23629818436876,0.6349686413914025
1773,176.54449999999997,277.8559524780317,0.9417416851187796
1763,186.30320000000006,276.3961020284933,0.941728558070766
1762,187.1217999999999,277.15568662096365,0.6349273233549182
1752,197.87059999999997,278.00200109884094,0.6349386291317073
1751,198.0684000000001,276.4573287163011,0.9417291072385717
1749,200.88010000000008,277.6000738939942,0.6349332555790217
1741,208.7428,276.8090000432731,0.9417322638755545
1733,216.12799999999993,278.3109424912346,0.9417457905087733
1723,226.99260000000004,277.01330979867544,0.9417340996183786
1722,227.13560000000007,278.27011023020174,1.2670864271606788
1694,255.93360000000007,277.35805088594464,0.6349300235886305
1689,260.2585999999999,276.3246167739362,0.9417279170430886
1681,268.10570000000007,276.6596678045921,0.6349207130491378
1649,300.9031,278.0152295252318,0.6349388061201005
1639,310.18550000000005,276.6872122505445,0.9417311702431327
1628,321.4006999999999,273.78076231204557,0.4124732162414122
1609,340.53919999999994,271.10903046702873,0.4124192882382645
1603,346.58140000000003,275.066577843599,0.6348995620033699
1590,359.0093999999999,279.3568610690018,0.9508690595460032
1588,361.8233,281.10892823134105,0.9417711840929803
1573,376.98710000000005,282.5698274885973,0.6350002415419935
1559,390.1370999999999,281.82904146165555,0.9417777605892773
1549,400.35249999999996,283.5296825674026,1.2671220558482001
1529,420.3243,283.94789036843633,0.6350190252954523
1501,448.4713999999999,283.1247803916497,0.6350077949310544
1469,480.6032,280.3125047226672,1.267100183364781
1449,500.83619999999996,282.22658040584827,0.9508949540293505
1428,521.1956,279.7256958832981,0.4125950843173071
1410,539.1394,279.6965499485699,0.9417583341557852
1390,559.6678999999999,280.9115788303861,0.6349777602732789
1348,601.1501000000001,278.3621212274177,0.4125669035764293
1330,619.8800000000001,284.0676432722511,0.6350206618825793
1307,642.5527999999999,281.5784089788515,0.9417754697627618
1278,671.8032000000001,278.4312489162189,0.4125683289579309
1259,690.4929,282.199286054067,0.941781148411328
1251,698.7306000000001,282.41311047504325,0.6349981111551107
1210,739.0450000000001,283.68828915610504,0.9417948179160088
1199,750.1886,284.54004420226613,0.635027124576181
1165,784.0183999999999,283.9659747066713,1.4116055223569104
1146,803.7130999999999,284.510584449478,1.267128774238816
1115,834.3911,282.8416314024614,0.941787036540014
1099,850.5902000000001,283.0944582572788,0.6350073818401468
1070,879.7973,282.8444160166049,0.9417870620945465
1049,900.82294,280.9667443357615,0.6349785049296485
1040,909.92083,280.9161701585891,0.9417694265601158
1019,930.72784,280.06452973881244,0.634966325632589
1017,932.42209,279.7987034131486,1.3420371933367057
982,967.34583,278.7402401551619,1.4115736949859394
957,992.34736,277.4071684030988,0.4125472485974409
914,1035.87184,280.10552589040225,2.213895624951041
875,1074.5898,279.42044060983585,1.4115778043264595
822,1127.67222,278.62300321449914,1.4115729877252574
793,1156.8950399999999,279.72469920818,2.2138941536319328
762,1187.70454,279.29371083930937,2.2138924909272033
730,1219.5665,279.9902637416671,0.41260056781921073
701,1248.75007,277.098940914164,0.4125409188336744
669,1280.82364,278.45496800258206,0.41256881811512336
636,1313.00077,279.58805021854124,0.41259223345893065
614,1335.4754400000002,277.86971612986054,0.4125567605046653
582,1367.59231,276.19603745957005,0.4125224167384222
557,1392.53167,278.4608975547629,3.8450590229986954
551,1398.37838,276.5590465243607,0.4125298482800052
517,1432.04389,276.78951906858396,0.9417320889076648
488,1461.86806,277.1056915049757,0.41254105738956454
436,1513.06166,279.9999146746923,0.4126007679435665
406,1543.63545,279.12520908544417,0.4125826574381653
384,1565.77312,277.24691789826335,0.4125439568248663
357,1592.66644,277.79537780888165,0.412555230745294
317,1632.4542099999999,281.692138914424,0.41263596349699555
295,1654.39543,280.9089598541969,0.4126196486383923
274,1675.55608,280.2444922059889,2.563635366217848
266,1683.9046899999998,278.31439989271746,0.616453810085954
240,1709.3986,280.24908719030117,0.6164805927337029
174,1775.46638,277.55589209790946,0.412550305271284
153,1796.46924,278.0719954240161,0.41256092512054493
136,1814.0,278.1,1.0
104,1846.0,277.5,1.0
56,1894.0,277.4,1.0
30,1920.0,277.9,1.0
1,1949.0,276.7,1.0
-49,1999.70909090909,278.0,1.2
-143,2093.3590909090913,276.9,0.7
-284,2234.2352727272723,276.7,0.8
-315,2265.5493333333334,276.7,0.8
-464,2414.3166666666666,277.6,1.3
-576,2526.12496969697,277.9,0.5
-678,2628.015757575757,273.9,1.1
-758,2708.475454545455,278.9,0.6
-851,2801.7606666666657,275.3,1.6
-954,2904.5469090909087,274.7,1.2
-998,2948.816303030303,276.3,0.9
-1106,3056.604242424242,274.6,0.8
-1305,3255.728181818182,276.3,1.5
-1333,3283.661575757576,273.1,1.1
-1481,3431.119272727273,274.0,0.3
-1578,3528.2878787878785,275.0,0.6
-1694,3644.462727272728,273.4,1.3
-1743,3693.407696969697,273.0,0.8
-1856,3806.856969696969,271.5,1.0
-1906,3856.1663636363637,275.4,0.5
-2018,3968.9506060606054,274.9,1.3
-2158,4108.666727272727,271.7,1.0
-2255,4205.842363636364,271.6,0.7
-2325,4275.076666666667,272.8,0.8
-2392,4342.822424242424,271.5,0.9
-2544,4494.362424242425,271.1,0.8
-2642,4592.819272727273,269.1,0.6
-2697,4647.462909090909,269.8,1.0
-2823,4773.001515151515,271.5,0.8
-2971,4921.201818181818,270.7,0.5
-3031,4981.579878787878,269.3,1.0
-3136,5086.789939393939,268.6,1.1
-3268,5218.5661818181825,269.8,1.2
-3361,5311.175757575757,267.6,0.6
-3407,5357.548545454545,265.3,1.7
-3583,5533.289575757576,265.2,0.8
-3631,5581.297333333333,267.6,2.0
-3807,5757.606363636363,265.9,0.9
-3902,5852.259636363636,265.5,0.8
-3984,5934.091454545454,260.7,1.6
-4049,5999.3760606060605,266.7,0.9
-4139,6089.807878787879,265.5,0.8
-4351,6301.963333333333,263.2,0.6
-4387,6337.206909090909,262.7,0.9
-4451,6401.244848484847,261.2,0.7
-4622,6572.291575757575,261.1,0.4
-4732,6682.545393939393,259.4,0.6
-4819,6769.652545454545,262.1,0.9
-4930,6880.308666666668,262.9,0.5
-5020,6970.077393939396,258.1,1.4
-5088,7038.269878787879,257.6,0.9
-5238,7188.070303030302,262.3,0.9
-5324,7274.009999999999,263.0,0.7
-5455,7405.323818181818,260.7,0.6
-5547,7497.865393939395,258.4,0.8
-5711,7661.3663636363635,260.1,0.6
-5769,7719.5915151515155,260.4,0.4
-5910,7860.1816363636335,259.7,0.9
-5976,7926.3653939393935,259.2,0.7
-6025,7975.853939393939,260.8,1.4
-6166,8116.284242424243,259.6,0.5
-6244,8194.798787878788,259.3,0.9
-6401,8351.876727272727,258.3,1.2
-6509,8459.675757575757,261.3,0.9
-6596,8546.579090909092,260.7,0.4
-6760,8710.678181818183,261.8,1.0
-6831,8781.282363636365,259.0,1.1
-6961,8911.853878787877,260.9,0.7
-7042,8992.985757575756,260.4,0.6
-7110,9060.173939393939,259.3,1.0
-7193,9143.01284848485,262.0,0.8
-7345,9295.308848484849,263.7,1.2
-7411,9361.11696969697,263.8,0.8
-7486,9436.703454545453,265.2,0.9
-7568,9518.05903030303,260.6,1.7
-7574,9524.439454545454,260.9,0.6
-7605,9555.86393939394,263.0,0.4
-7623,9573.266606060606,263.8,1.2
-7951,9901.037878787878,264.4,0.4
-8042,9992.609575757577,264.2,0.9
-8184,10134.50303030303,264.0,0.3
-8242,10192.954545454544,263.4,0.1
-8349,10299.554545454546,265.7,0.5
-8416,10366.55575757576,264.9,0.4
-8555,10505.551515151516,267.5,0.4
-8730,10680.480000000003,266.9,0.6
-8851,10801.809090909092,266.0,1.1
-8885,10835.743636363635,265.1,1.6
-9004,10954.478787878788,267.6,0.7
-9139,11089.615757575755,264.8,0.6
-9211,11161.063636363637,264.8,0.4
-9235,11185.87090909091,265.0,0.8
-9250,11200.576363636363,265.3,0.4
-9306,11256.567878787879,264.4,1.5
-9366,11316.978787878788,264.1,0.7
-9389,11339.371,264.8062514925239,1.6656998706343706
-9433,11383.156,264.8396344162771,1.290916678425955
-9449,11399.861,268.1638827775123,2.5459070312438925
-9467,11417.453,264.4831386910426,2.038774675962592
-9485,11435.931,270.14345909208504,2.1099587251623033
-9503,11453.064,268.86948241809176,0.6954811452089371
-9522,11472.799,269.09658248435426,2.5208974243791173
-9540,11490.446,267.1659882944808,0.8515189257138913
-9557,11507.225,267.66344435702626,1.1530963256955427
-9573,11523.934,269.5087267559184,0.8505691950166642
-9593,11543.596,266.8975316078414,0.6582745058901435
-9609,11559.612,262.7402713424808,1.420923135639131
-9626,11576.406,267.0926460402798,0.4985722841097915
-9642,11592.243,260.7019637596007,0.28649127816592435
-9661,11611.307,261.3035570908851,1.5221230058969524
-9678,11628.966,266.2202091929294,2.412823479042468
-9697,11647.924,257.13429330946656,1.3404357790494443
-9714,11664.542,247.5528586529488,0.3435083847400987
-9732,11682.818,254.6155973344712,0.884033354158537
-9751,11701.438,253.99089690085395,1.4599509194956937
-9769,11719.717,256.0430608603061,1.2558245486807351
-9790,11740.65,255.89086904448925,1.3999473114283951
-9809,11759.212,258.7419682040664,1.482300165746408
-9830,11780.723,258.24947010276907,0.33244042312113337
-9852,11802.789,258.53058047537485,1.781228819116829
-9870,11820.5,257.16871076552565,1.4848144359415976
-9893,11843.327,254.31017470730887,1.3448357106506248
-9913,11863.118,253.6295799831633,1.5930774046070213
-9933,11883.166,251.56174454316204,0.5813810050137204
-9954,11904.912,255.89657531323917,1.1569847106772602
-9976,11926.956,258.57498699245264,5.263207753720935
-9998,11948.086,248.91570205793047,2.0423481441827143
-10019,11969.551,253.9931437879996,1.299308075453149
-10040,11990.691,255.3912977602452,1.3864577081067966
-10065,12015.895,247.85064164274337,1.452015497417635
-10087,12037.316,248.40713321971356,0.3529837130095197
-10108,12058.796,253.09803694796494,0.6956406819534284
-10129,12079.849,251.03138662276533,2.5685204930827545
-10155,12105.248,255.6570401748525,1.9876851919274323
-10174,12124.583,253.01913649818056,0.8701877668305773
-10196,12146.495,251.13879991205624,1.412474153146747
-10218,12168.481,251.42428040746907,0.8549339323768892
-10240,12190.414,250.96816256782247,0.7318602806397894
-10261,12211.34,249.6533400802813,1.227277836571378
-10282,12232.921,249.23182055441774,1.6042965419405086
-10306,12256.477,248.95174624217293,1.4827762724022882
-10330,12280.774,249.37721064234103,1.3322521569434795
-10351,12301.036,248.9240190698803,0.2940953344047306
-10371,12321.276,250.73154369365116,1.3729762132867072
-10393,12343.121,246.9665079337188,0.7624581789404119
-10415,12365.281,244.30941964788178,1.1644445095978526
-10438,12388.308,243.00399847303908,1.207676580766401
-10459,12409.378,246.4034368607132,1.4510225043370562
-10481,12431.925,247.67023851530323,0.8244290241025993
-10504,12454.817,245.828192028346,0.5557230717885496
-10525,12475.39,246.17917534767042,0.7866964776282669
-10545,12495.838,244.42282246806465,1.1797272460582895
-10571,12521.35,246.7361603977909,1.2895316864650215
-10593,12543.717,249.9226267174943,1.7213319336477375
-10614,12564.615,244.27496932125192,1.2142870688424796
-10636,12586.604,247.01866418752644,0.2718651933668129
-10657,12607.644,248.09151906637942,1.176204353865209
-10679,12629.853,246.94327763185444,0.45259361155483935
-10703,12653.637,243.94829999483662,1.6819891525674522
-10723,12673.897,242.52904430354567,0.9550091381591798
-10747,12697.141,244.24252191664183,0.9593977007528567
-10769,12719.8,241.5919394471499,1.072175936925353
-10789,12739.914,247.29878007926465,0.4125142739378774
-10812,12762.577,240.01944039217156,1.1185804377555943
-10835,12785.627,241.49602014897292,2.0892692093580534
-10859,12809.27,242.23335017876875,1.9472923880165072
-10880,12830.152,242.14661205332536,1.3353903526336806
-10902,12852.706,239.34501708789696,1.2925466754401673
-10923,12873.977,241.2383063619222,1.2981515105668255
-10943,12893.384,239.43542944264073,0.7882017929475992
-10967,12917.105,238.7942418996904,1.1224172467227629
-10989,12939.228,238.17670710529902,2.8238892225625056
-11009,12959.751,240.7072616624785,0.9467987697225267
-11030,12980.883,237.14801820813656,0.807610266534135
-11051,13001.057,239.41877622767902,2.092655675831412
-11071,13021.916,234.67711437690164,0.19145773094123278
-11093,13043.693,238.86480110696388,1.9379105503363823
-11116,13066.591,237.90902544878452,2.2357790640357043
-11138,13088.223,241.5552999030114,1.1589696936117735
-11178,13128.448,234.8172845805215,0.11006763112890043
-11222,13172.67,236.91006470650157,0.9623041858085902
-11266,13216.195,239.4098936541896,0.6936344335760807
-11316,13266.965,240.4197733780046,0.14624444254500113
-11354,13304.149,236.86022090165332,0.34277105198985114
-11468,13418.103,237.82629259075324,1.8701703755605315
-11536,13486.737,240.25427358439862,1.4095543785119697
-11581,13531.749,235.8255291423037,0.3958262052733707
-11650,13600.809,243.85979844716996,0.12464859418708243
-11695,13645.346,238.54747522687632,0.45893872238818556
-11762,13712.826,241.59139134507328,1.232457312518845
-11808,13758.73,241.11490412197253,2.2202425085619373
-11877,13827.204,239.08435072354874,0.10007470310427478
-11921,13871.566,237.95158516671214,0.853522729781004
-11990,13940.228,240.5703386445421,0.5716538469801956
-12051,14001.788,235.91958262522573,1.0386939571796365
-12072,14022.859,237.8687866200197,1.085182218857085
-12110,14060.093,241.26916500368534,1.1731028607568064
-12134,14084.472,232.88000615516702,1.5244854427350565
-12170,14120.057,236.39805979670948,0.1335912368682948
-12206,14156.604,239.23818680138615,0.41922109209682534
-12229,14179.551,239.36064776017062,0.8117258297207374
-12255,14205.559,238.3613364190683,1.8905012806153203
-12287,14237.445,236.59503531115416,1.187944479381528
-12323,14273.024,240.21229536304708,1.333690692180971
-12348,14298.717,239.03677680876376,0.2153120259848627
-12358,14308.608,235.8013722168602,1.0996246937402585
-12393,14343.156,242.07891889663432,1.0942604116875656
-12404,14354.483,238.39005888170098,0.4909048767560898
-12424,14374.989,240.3252352260465,1.0466464124405748
-12460,14410.597,242.5463915992586,1.4233246603570187
-12472,14422.234,242.60460298931037,1.7556664246639746
-12493,14443.283,240.9489026098227,0.3454352294996154
-12513,14463.583,238.61345734214723,0.7652096648345446
-12547,14497.209,242.05538663336657,2.2467485024161653
-12570,14520.852,241.14411641924522,1.2655358550826663
-12581,14531.297,243.17377294839466,0.8112650514640422
-12591,14541.662,235.8323421305916,0.5643746168651799
-12602,14552.933,241.729807649943,0.41994573319519585
-12613,14563.518,239.85999766133673,1.4558688378127933
-12625,14575.933,239.76503812675872,1.7380011297995386
-12636,14586.185,237.9659544143376,1.137419276772159
-12645,14595.468,235.30951417343593,0.6136067550158362
-12656,14606.209,237.58632963935628,0.8517421853611764
-12669,14619.389,237.97072384125397,0.7613632280058652
-12679,14629.987,240.10202126482596,1.115425087948056
-12695,14645.202,238.11592408247537,0.5982874200896254
-12702,14652.256,234.62208303328032,0.3923638577013497
-12714,14664.087,233.41678590018034,0.28541857454839875
-12725,14675.119,234.33541847308942,1.0422984517358862
-12736,14686.374,237.49243901935716,0.2935424748877703
-12746,14696.689,228.9069484734525,0.43595365597654745
-12756,14706.958,228.1794674192821,0.7707868729967455
-12768,14718.124,230.5296191365043,1.0957759406440268
-12780,14730.883,234.53668908061695,1.2309773820367913
-12793,14743.189,231.47501430697426,1.1049347180389382
-12808,14758.515,227.9025821178081,0.74817334555484
-12813,14763.412,224.64412988292017,0.7824148574908405
-12826,14776.283,227.39272967198517,1.115766298891188
-12837,14787.831,227.78536212593403,0.23076070475812085
-12849,14799.135,228.50250206425628,1.0241105505628754
-12860,14810.614,227.5760816830967,0.4324443811369315
-12872,14822.391,226.50690563613685,0.6990972947328529
-12884,14834.75,228.4041873231957,0.011029132928224222
-12894,14844.772,227.87363187172843,0.4104262711964586
-12907,14857.525,233.1674385645637,1.4724014735922233
-12919,14869.177,232.22123314488178,0.585239377410893
-12930,14880.662,227.85150672131329,1.1093788571105547
-12942,14892.457,230.6301423785333,1.2447439252123165
-12954,14904.212,228.71528957073212,0.5395654126703556
-12965,14915.908,228.35879507223092,0.5325917883752289
-12979,14929.02,228.46979297537328,0.33507688174527955
-13003,14953.662,228.890295544307,1.2267728038776453
-13026,14976.478,229.78672581367329,2.0894914892990073
-13037,14987.256,227.65098593922204,1.2191716092428557
-13061,15011.48,228.3650655244248,1.018065793815664
-13084,15034.777,225.38083520649624,0.8388666319299413
-13122,15072.534,228.99480745157686,0.24117238927844434
-13145,15095.81,234.47446894840783,0.023335995142349564
-13183,15133.528,229.67160656998294,0.6306009719621629
-13206,15156.516,228.8057322422929,0.892789496928765
-13231,15181.113,227.84358475209112,1.037400495015162
-13268,15218.875,230.18339813242306,0.32846271747068345
-13293,15243.443,228.26585961041698,1.2143647518603298
-13330,15280.741,225.77162913978188,0.9195516847257943
-13370,15320.944,227.64306095288393,1.4176123107845846
-13395,15345.237,228.91652002838566,0.9571559874779071
-13432,15382.846,225.38795165189697,1.571230379506173
-13460,15410.078,224.74311624898786,0.7531820269617046
-13512,15462.934,223.2710402890986,1.3773982635521775
-13596,15546.395,223.5305343345643,0.34666034223081493
-13699,15649.43,222.75834505097234,1.3704689967578514
-13754,15704.787,222.15764340429956,0.5663781946920314
-13817,15767.681,224.8571801594681,1.8704061395520675
-13894,15844.953,222.36468715588023,0.4366582225045342
-13970,15920.254,223.5107392974745,0.6480784761033369
-13986,15936.522,223.7681909549173,0.6393346693740717
-14045,15995.492,223.7224506956352,2.06239685526959
-14048,15998.978,224.4079901815647,0.17761030070385816
-14064,16014.67,222.39327867419098,0.8930941956766976
-14083,16033.783,224.4802221411913,1.4333403503178488
-14133,16083.0,224.242360124708,0.8203411414003624
-14164,16114.135,222.4115117516632,1.3094348918523633
-14201,16151.209,224.8625784974834,1.0247434087216374
-14216,16166.707,226.1908800011438,0.07169746259521485
-14237,16187.461,221.48984625503218,1.1769051062662972
-14258,16208.708,227.3244742360862,1.212502893063355
-14272,16222.957,223.23631531576837,0.5538872168341893
-14290,16240.564,220.48517092637948,1.0594512637382953
-14310,16260.727,218.56382460975144,0.9667868972087439
-14328,16278.743,214.22122886828478,0.5945526313029851
-14346,16296.958,212.84367513227136,0.745912624557757
-14367,16317.429,214.5978424508933,0.5964888338406239
-14387,16337.251,212.42970768970437,1.1881058980916346
-14404,16354.228,214.83094793202406,1.2030660182080497
-14424,16374.888,211.2133503062316,0.4998022380031932
-14441,16391.886,209.50810411665645,0.8157282831605934
-14460,16410.706,212.94888538922996,0.9405088128858664
-14481,16431.323,211.7934498012063,1.807132802023743
-14508,16458.381,217.18722610003746,0.27905676325660833
-14522,16472.034,213.9380167825644,1.113412954793218
-14559,16509.932,207.94707338537606,0.12297867634990271
-14603,16553.509,208.65010901966778,0.5212325806217732
-14640,16590.012,208.4614276166706,0.8394990019249473
-14705,16655.879,213.15469236971649,0.8085332659341804
-14783,16733.528,210.24939480334604,1.1019346596459119
-14847,16797.545,205.52548876941438,0.9617411013425473
-14919,16869.315,205.18509194320177,0.961741101338764
-14978,16928.831,202.9290476816134,0.6750299739442969
-15044,16994.774,204.3247383426767,1.0886961808547952
-15141,17091.847,202.1012164231453,1.0521531700623763
-15213,17163.698,198.631089252931,1.3007075917823727
-15286,17236.245,198.29417538469403,0.7766600772342452
-15337,17287.896,195.87573909141443,0.4971330239233743
-15361,17311.873,194.65141317549399,0.26604797941165964
-15410,17360.496,190.50284337603904,0.909033112140748
-15435,17385.299,193.02021337722056,0.39380858908988714
-15460,17410.026,191.8856673685563,0.2694578865526365
-15484,17434.971,190.75739808941378,0.46529941580413253
-15510,17460.991,193.00049226913703,0.46110486137926515
-15535,17485.291,191.4761142959414,0.5012961161068531
-15560,17510.868,191.58573439908614,0.05423803745364829
-15584,17534.589,192.37047527166976,0.6055699337887396
-15611,17561.459,192.6236483930915,0.29863733358414885
-15636,17586.251,196.96328822867957,0.8635092288984562
-15662,17612.004,195.79039289658348,0.2391586375813789
-15687,17637.878,193.21020619774924,1.2286838327921574
-15715,17665.057,194.3760035369042,0.5550286988169382
-15741,17691.214,191.51895944996556,1.3346281819664174
-15767,17717.049,189.52313905154722,0.5643022523211347
-15793,17743.75,190.41145637495399,0.23965616851367205
-15819,17769.713,191.7049630706334,0.33080679868936025
-15847,17797.574,187.25256339861124,0.6621632763188716
-15875,17825.432,191.20739896471937,1.2382021197722488
-15904,17854.603,189.51763426245728,0.7190495298839523
-15930,17880.995,190.2606131810841,1.1923060852551808
-15957,17907.158,191.7237910053392,0.26146940741275265
-15985,17935.988,188.54215704394005,0.9821428247799515
-16015,17965.825,188.6564989836098,0.10486478156066993
-16042,17992.042,188.9556833468375,0.64306592821333
-16074,18024.45,187.78531136917942,1.0961213128518206
-16100,18050.092,187.7267726989902,0.49850929991939746
-16131,18081.597,188.64072093684447,0.4703207056745532
-16160,18110.627,188.59044595252618,1.480500952833287
-16189,18139.755,184.87510819689115,0.22828849331322779
-16223,18173.163,189.01145740964958,1.126510504571672
-16251,18201.792,185.64837724764448,0.9528223932349119
-16282,18232.181,188.87750852438725,0.4724033625177601
-16314,18264.682,188.52153443206024,1.1571075398909414
-16345,18295.805,189.03208526365853,0.19260209898468844
-16374,18324.393,187.12107228232756,0.8372036055175979
-16410,18360.352,188.73157502184154,0.18243274436836557
-16441,18391.159,188.2127161368506,1.1573613101510056
-16472,18422.425,188.46984987600774,0.748352699525746
-16507,18457.829,187.44688100668245,1.0657551240083385
-16536,18486.591,187.08794749517838,0.7036592363884459
-16569,18519.994,187.6657005045612,0.1414082867377205
-16632,18582.943,188.57060817148658,0.6179556385846688
-16727,18677.396,193.90294365325792,0.5018461940485749
-16797,18747.045,191.27099266967372,1.0138678790995133
-16853,18803.635,192.9746062473733,1.0994077802463795
-16885,18835.152,188.43646889385016,0.822752675659307
-16916,18866.913,188.49917580509657,0.5266764309515646
-17043,18993.816,192.7099140092297,1.7470090692053926
-17202,19152.786,191.08550485764974,1.121009894025455
-17332,19282.155,191.58428202340798,0.8431811380039504
-17492,19442.725,191.51661846127155,1.3004106764959464
-17618,19568.151,188.95303905155185,0.24551001470689301
-17679,19629.493,191.41876528996985,0.586308975486151
-17841,19791.188,193.60063929670704,0.5303197486983406
-17933,19883.882,196.05515178135056,0.4220959629087149
-18068,20018.696,193.72302093582547,0.7503628445232208
-18263,20213.307,190.47301770392272,1.2132922929495944
-18457,20407.601,189.99022495118814,0.65425815677705
-18586,20536.804,193.92595404672443,0.6926066273540084
-18716,20666.489,187.76130879373025,0.9299760179274259
-18878,20828.392,192.65750201107113,1.0946641302511946
-19014,20964.428,190.87078412905063,0.817552208158084
-19117,21067.69,188.40117180397905,0.8671811282576847
-19262,21212.702,190.05178294941018,0.06844865543898428
-19395,21345.184,187.24278170075527,1.161275436474382
-19612,21562.853,185.22605259203294,0.3063097987544152
-19840,21790.593,187.9571766507431,0.21874802841448615
-19963,21913.629,190.7825043804128,0.9521422657387056
-20105,22055.594,187.38113959770786,1.5500556335948474
-20280,22230.886,191.27052755302162,0.9882063740189297
-20342,22292.199999999997,187.2242115241,0.44999999999935325
-20397,22347.600000000002,187.0216472475,1.25
-20600,22550.100000000002,184.67921815,0.19999999999998863
-20654,22604.1,185.207494535,1.6249999999999998
-20700,22650.8,188.4866056205,0.22999999999998974
-20799,22749.300000000003,190.01358890950002,0.25499999999999545
-20883,22833.6,186.13368892427502,0.125
-21044,22994.0,189.397339585125,1.125
-21063,23013.8,190.53007546182502,0.6449999999932948
-21157,23107.3,190.08050149462503,0.8249999999961194
-21235,23185.0,188.6041093398,0.869999999995999
-21326,23276.7,197.67188495834998,1.2850000000033883
-21408,23358.4,193.532820435975,1.715000000000672
-21495,23445.2,186.77935625474998,0.4649999999962196
-21650,23600.5,187.98535915199997,0.4059556626050127
-21923,23873.8,183.12944747075,0.03499999999999659
-22127,24077.699999999997,184.6823772,0.6200000000021311
-22319,24269.8,186.726894870075,0.9249999999981121
-22693,24643.6,180.565516782075,2.7249999999993055
-23213,25163.6,180.69369987574999,0.7849999999986874
-23401,25351.1,182.66041686875002,0.07500000000000284
-23593,25543.600000000002,183.37891829900002,0.6199999999962634
-23836,25786.0,186.541161542,0.579999999993848
-24066,26016.000000000004,184.51815170625,0.40500000000678366
-24304,26254.499999999996,184.57168235580002,0.5150000000027465
-24365,26315.000000000004,183.7673068405,0.529999999998045
-24510,26460.7,186.0128248,0.8100000000000934
-24587,26537.1,185.5131813934,0.5250000000019401
-24753,26703.699999999997,185.43660435787498,0.33499999999570823
-24907,26857.8,186.43114764435,0.22499999999999432
-25004,26954.9,188.08462820879998,0.8000000000041836
-25092,27042.0,187.3935686286,0.21000000000000796
-25134,27084.800000000003,186.271358966325,0.06499999999999773
-25220,27170.199999999997,194.928153007,0.4792123166703289
-25330,27280.100000000002,190.0614572262,0.47000000000801284
-25491,27441.9,191.95313370887501,0.8401128396427262
-25552,27502.800000000003,191.23379793375,1.9150000000012248
-25599,27549.7,191.5337587855875,1.9441552364287014
-25636,27586.399999999998,191.95350057714998,0.37999999999658407
-25711,27661.3,191.46001174245,0.6850000000005353
-25737,27687.0,192.712370759625,0.07500000000000284
-25764,27714.1,190.6078690615,1.6350000000018083
-25768,27718.6,189.304523923175,0.3150000000085556
-25870,27820.7,187.586392521325,0.8650000000017362
-25916,27866.399999999998,190.5849616488,0.4900000000027678
-25935,27885.0,189.27849064935,0.11500000000000908
-25977,27927.1,188.98634898427503,0.3949999999864722
-26023,27973.2,189.286787345625,0.3149999999970064
-26147,28097.3,189.95757968037498,0.6350000000014483
-26264,28214.1,191.816137593,0.2800000000000011
-26321,28271.6,191.59419376510002,0.3200000000053114
-26419,28369.699999999997,192.63389865615,1.6650000000023701
-26463,28413.9,189.156744422,0.24000000000000907
-26476,28426.9,189.6458701976,0.5600000000011746
-26627,28577.399999999998,193.10010418009998,0.05499999999999261
-26676,28626.4,192.8154242622,0.15500000000000114
-26774,28724.3,193.80250764615002,0.20000000000000284
-26891,28841.9,193.8897968002,0.3400000000068137
-26952,28902.7,192.68758991725,0.5350000000032421
-26998,28948.6,193.25940327540002,0.7299999999938761
-27058,29008.9,192.8724796734,0.4900000000027678
-27200,29150.699999999997,192.26433856792502,0.16500000000000623
-27255,29205.3,188.0966829643,0.03499999999999659
-27299,29249.600000000002,192.39141674277,0.9709449005998889
-27373,29323.899999999998,191.0119519104,0.8900000000033877
-27416,29366.1,189.82870639425,0.3049999999999926
-27460,29410.2,189.2132558424,0.6607823645732186
-27659,29609.199999999997,189.24251845,0.03999999999999204
-27731,29681.2,189.77280474485,0.24500000000000452
-27792,29742.8,191.28441196185,0.2650000000000005
-27887,29837.800000000003,190.9669244527,0.1599999999999966
-28002,29952.100000000002,191.375496743275,1.2250000000032073
-28049,29999.0,191.5673410079,0.22499999999999432
-28151,30101.5,188.2467783878,0.5899999999962806
-28231,30181.7,188.475316491,0.6199999999962634
-28327,30277.9,186.51738769949998,0.0799999999999983
-28362,30312.699999999997,185.98864642130002,0.600000000000485
-28450,30400.5,184.2981804458,0.30000000000001137
-28578,30528.800000000003,182.936081584225,0.4349999999938179
-28762,30712.999999999996,187.14328122450002,0.20000000000000284
-28825,30775.699999999997,190.33222284570002,0.7299999999988598
-29155,31105.2,187.999563507075,0.055000000000006814
-29406,31356.4,188.4753253155,0.7800000000029627
-29574,31524.100000000002,189.94686495800002,0.35999999998008003
-29842,31792.100000000002,193.71283854975002,1.2250000000002377
-29868,31818.4,192.9276430365,1.125
-29983,31933.899999999998,192.507154839675,0.10500000000000398
-30076,32026.9,193.3257604058,0.4300000000002301
-30129,32079.599999999995,193.90502757875,1.1200000000023491
-30197,32147.499999999996,196.41665588339998,0.4900000000027678
-30200,32150.600000000002,196.9080549903,1.3050000000009678
-30357,32307.9,192.46518778166669,1.936098597121701
-30411,32361.2,195.247244775875,0.27500000000000563
-30484,32434.8,194.110429478875,0.5250000000019401
-30561,32511.100000000002,194.60682974099998,0.37000000000671746
-30644,32594.6,194.4295742917,0.4100000000031659
-30727,32677.799999999996,195.08012700165003,0.2850000000000108
-30764,32714.1,195.93861278715002,0.2600000000000051
-30863,32813.100000000006,199.302319209275,2.5549999999999247
-30930,32880.9,196.70181603277499,0.804999999996869
-31059,33009.0,196.32609642975,0.4599999999867514
-31198,33148.3,197.646004846875,0.21500000000000338
-31467,33417.5,196.89622890765,0.5400000000038051
-31541,33491.399999999994,197.12526326695,0.4100000000031659
-31605,33555.3,197.79975641045,0.2749999999999914
-31808,33758.100000000006,200.03106638475,0.6850000000005353
-31891,33841.00000000001,195.627148340675,0.744999999996109
-31935,33885.7,195.2662323655,0.45373756487464084
-31957,33907.49999999999,194.46060405395,0.6649999999936803
-31975,33925.899999999994,194.47027317217498,0.03499999999999659
-32007,33957.0,196.47191999325,0.4450000000057815
-32041,33991.5,195.41091567172498,0.32500000000582074
-32114,34064.200000000004,195.93175875274997,1.0150000000011066
-32240,34190.299999999996,194.8874767012333,0.6165044831788826
-32300,34250.799999999996,195.7913334535,0.7600000000027418
-32362,34312.8,196.266613322,0.23999999999999486
-32384,34334.4,196.20185201500001,0.324999999994627
-32606,34556.9,199.6474818549,0.7399999999986863
-32652,34602.6,199.48892963999998,0.6400000000049385
-32670,34620.0,200.2924224414,0.4300000000086905
-32697,34647.8,198.89171239745002,0.979999999998111
-32760,34710.6,197.16130487224999,1.195000000000448
-32875,34825.6,202.795646976,0.030000000000001133
-32916,34866.799999999996,203.0917776366,0.4800000000079671
-33139,35089.6,198.7828307793,0.5749999999956976
-33215,35165.799999999996,203.60050857025,0.35999999999018556
-33331,35281.7,205.3761847385,0.09999999999999432
-33387,35337.0,204.46706210535,1.2200000000008204
-33409,35359.4,203.6185257355,0.8700000000001806
-33433,35383.0,201.35769286432503,0.25500000000000966
-33495,35445.799999999996,200.29875552115,0.804999999996869
-33547,35497.09999999999,201.06305549865002,1.0050000000016042
-33558,35508.5,202.04126672700002,0.8999999999946643
-33580,35530.7,201.88660042935,0.6500000000004478
-33617,35567.99999999999,201.8276293501,0.9899999999966662
-33722,35672.50000000001,201.81310262977502,0.24499999999999034
-33751,35701.600000000006,200.5019756069,0.6299999999997875
-33904,35854.6,203.28865874520002,1.0699999999962844
-33998,35948.3,198.799944457875,0.3650000000069052
-34136,36086.5,204.123014498,1.320000000001067
-34223,36173.100000000006,201.7797825328,0.23000000000000395
-34311,36261.799999999996,200.09164615275,0.6250000000058207
-34556,36506.3,198.9617645275,0.9499999999981619
-34641,36591.8,205.10239260525,1.1350000000017078
-34719,36669.6,203.76951759,0.1599999999999966
-34762,36712.799999999996,203.7543230524,0.009999999999990903
-34870,36820.2,202.76033458287498,1.1550000000016227
-34989,36939.8,203.514345808,0.23000000000000395
-35073,37023.4,206.3568576216,1.125
-35168,37118.600000000006,210.157174784,0.8920951873796128
-35193,37143.200000000004,207.34584681975,0.1599999999999966
-35346,37296.5,208.25190909,0.9500000000058207
-35352,37302.0,209.65639176,0.5861740355881742
-35388,37338.1,206.586570978,0.12000000000000453
-35481,37431.0,212.50552869749998,1.4699999999984041
-35511,37461.299999999996,209.83667782650002,0.5349999999964422
-35668,37618.600000000006,214.29589900083332,0.39842746447112803
-35697,37647.5,212.135905967,0.7150000000014083
-35827,37777.2,212.09241359079002,1.6164170253985017
-35945,37895.0,214.2064208262,1.0899999999963845
-36050,38000.3,211.213425214,0.6800000000029275
-36138,38088.5,214.36039257750002,1.4849999999992864
-36215,38165.59999999999,208.335059710425,0.5850000000064973
-36242,38192.399999999994,206.5229252229,0.4500000000074376
-36334,38284.200000000004,207.41115700100002,0.17000000000000168
-36409,38359.2,207.99977968,0.6700000000022761
-36462,38412.8,210.7947524055,0.6400000000049385
-36522,38472.9,207.2301825856,0.03999999999999204
-36583,38533.2,210.07869060075,0.40457110348474573
-36623,38573.6,208.23327262075,1.9849999999977799
-36671,38621.8,204.79190564040002,0.45999999999466
-36720,38670.8,204.455553872625,0.7428702780432987
-36773,38723.399999999994,206.543994036,0.30534133905032607
-36862,38812.6,206.085787558,0.25640679484843054
-36924,38874.700000000004,205.650989878,0.01999999999999602
-37005,38955.6,205.98808959113333,1.3127621431337815
-37026,38976.8,202.3448524395,1.4150000000013492
-37103,39053.6,204.28298891580002,0.6750000000071142
-37170,39120.50000000001,207.32358522299998,0.20000000000000284
-37315,39265.7,208.685091262475,1.6950000000023764
-37353,39303.200000000004,209.495641888,0.4700000000002724
-37369,39319.9,209.326456305,0.4849999999891146
-37389,39339.8,207.868080375675,0.7850000000033219
-37429,39379.4,204.77737582487998,1.0611145084291942
-37452,39402.9,191.53156337775,0.9049999999983727
-37504,39454.4,198.138503631,1.0315279928331738
-37565,39515.399999999994,200.402973875925,1.3649999999976887
-37671,39621.00000000001,195.70159247466665,2.0779837984622525
-37759,39709.2,196.6742707386,1.0599999999995222
-37807,39757.100000000006,193.581354240625,1.1550000000016227
-37934,39884.99999999999,193.873098888,0.2003330560175495
-37950,39900.5,197.55250733926664,0.6702569988090663
-38092,40042.7,192.59565555449998,2.2133007025713356
-38162,40112.1,193.08131430805,0.444999999989431
-38195,40145.3,193.690311850125,0.41500000000249654
-38358,40308.4,197.90454896091208,1.3930725903897043
-38535,40485.94648,201.32268604261674,1.3724813828002622
-38603,40553.43999999997,201.48445246633034,1.0892403637428787
-38804,40754.3,200.46615960740988,0.7441562013443747
-38957,40907.388600000006,200.96619797440226,1.9203545824214685
-39217,41167.90404000001,201.53203042679758,1.8798664059500019
-39353,41303.5942,204.18539759772148,1.544991580352578
-39655,41605.9736,205.49006636725477,0.9872666419557048
-39809,41759.207500000004,201.12434903906262,1.0021199469320117
-39950,41900.68680000001,199.89056576724948,1.3635850489019288
-40365,42315.817500000005,200.8960917386434,1.2433347740954794
-40678,42628.3001,204.82674347655342,0.19154571022416647
-40899,42849.867,206.35415471090323,1.0698409764578276
-41018,42968.078199999996,204.26047843855292,0.7594749648436543
-41221,43171.885,203.16207190191966,1.4258914397439995
-41400,43350.662500000006,201.66462398159248,1.8134385343562363
-41565,43515.82055000001,204.2219503591491,0.8616038364003018
-41711,43661.157549999996,203.18091908152513,1.0517697107880735
-41859,43809.01,201.68967291161366,1.1313123305171477
-42145,44095.19614999999,204.30591912829976,0.9218977869079986
-42254,44204.44639999999,201.99679013111552,0.5218111243675314
-42400,44350.46499999999,206.22156348649375,1.8592963740185473
-42540,44490.50250000001,204.82615482707928,1.3221096734802074
-42705,44655.53499999998,212.28537276723182,0.8466068668648008
-42866,44816.0105,210.4383494018988,0.561588532800335
-43046,44996.156999999985,211.4870756888481,0.34933018594543686
-43192,45142.015,207.9533487146811,0.7073278472540326
-43330,45280.38750000001,213.9182293789752,0.8169262165638407
-43510,45460.322400000005,214.5013713408328,0.8088297806862884
-43746,45696.05500000001,217.51186974587569,2.1576038144095637
-43927,45877.10855000001,222.71746789063323,0.32868566271236993
-44107,46057.33380000001,221.7721744693644,1.7364902686179846
-44231,46181.255,219.24687294689662,1.1946939040952502
-44358,46308.5475,218.34888238109227,1.4496019365237585
-44685,46635.901999999995,216.41663219437746,1.436574184581793
-44796,46746.4378,214.18284619947886,0.9871078824358178
-44937,46887.935000000005,210.83763232817873,1.5006610348474876
-45136,47086.27499999999,210.2720270577908,0.5322358946823342
-45364,47314.97619999998,207.5966069009341,1.2005871906427468
-45574,47524.35689999999,204.25993514002081,0.9756946684398324
-45760,47710.390000000014,203.7878948817506,0.3866234346912695
-45993,47943.751099999994,205.65965094423697,0.9718978970553032
-46273,48223.18175000001,206.18208295015899,2.047217959921956
-46477,48427.859999999986,200.97514386943084,0.5644855670985924
-47037,48987.952649999985,201.57862918592315,0.8803304688920406
-47352,49302.98039999999,200.12004323663527,0.4030256278081099
-47512,49462.655249999996,204.05803785391646,1.2210021850397488
-47778,49728.31500000001,203.8713291389937,1.259233519834919
-48056,50006.51000000001,204.37676012041777,1.6493255086518053
-48270,50220.546899999994,206.74402693868802,0.47550745724322324
-48577,50527.41474999999,207.40999031146947,0.4590722921753041
-49079,51029.17010000002,207.63643592103043,0.9100466307214294
-49481,51431.446599999996,211.57084710504336,0.392047133733274
-49829,51779.530000000006,215.07712976760632,1.772271181941183
-50136,52086.81984999999,213.81781717736385,0.7325164623315384
-50434,52384.780900000005,219.08254103386616,0.2751713515158044
-50623,52573.676,220.7236106732058,0.3561663133683005
-50850,52800.742500000015,221.1479059817251,1.0917934144826629
-51158,53108.25250000001,223.71721395019227,1.6788952874417788
-51450,53400.45315000001,223.261990272584,0.8871385661997827
-51856,53806.25204999999,221.13790909272413,1.4904032668909086
-52206,54156.60319999998,220.3743647767866,0.8511190264639169
-52437,54387.125000000015,217.95673832028174,1.8373349577266482
-52744,54694.61249999999,213.88701388029443,1.1375358885809406
-53064,55014.48765000002,216.8579026931373,0.6129710484895246
-53343,55293.459149999995,208.19350573591464,0.7156257494959056
-53603,55553.13,214.7766439566713,0.5454852994420472
-53959,55909.53739999998,210.2748744860088,1.2344137510178999
-54287,56237.12940000001,207.67411308560085,0.8119068846984854
-54553,56503.58249999998,212.4366913146648,0.6749285964465614
-55260,57210.94264999999,215.69652704379405,0.6265091105747927
-55526,57476.264999999985,217.37632438255054,2.4873052553953374
-55893,57843.72470000001,223.71829246142204,0.490766644067691
-56267,58217.01230000002,224.35339767076476,0.8005830542803068
-56483,58433.319999999985,223.14855036746204,1.2246646335694424
-57155,59105.06914999999,231.29357613421678,0.14731669566522526
-57430,59380.40500000001,226.35329184425117,1.3718923811450099
-57783,59733.46935,223.45481611599993,0.6960136714703895
-58159,60109.88306666667,216.66068075629482,0.8375778350612826
-58423,60373.05923333333,212.87091028761074,0.709019391700449
-58566,60516.6315,217.25313232793502,0.6007977348797495
-58867,60817.61723333333,213.77895408048403,1.3839432095256932
-59110,61060.877466666665,207.954258455404,1.2594333599101175
-59284,61234.84403333334,210.56770709704924,1.0101836633050179
-59604,61554.1108,210.90340290966515,0.7008887042887728
-59950,61900.7233,206.3768851547348,1.1971417450755473
-60602,62552.00602222222,202.5567478249938,0.945068176947245
-60824,62774.57333333335,202.7086782342372,2.335114615637047
-61010,62960.89566666668,200.14813320360096,0.6469126275966279
-61605,63555.792666666675,197.40343593339372,1.220084715487215
-61946,63896.87993333334,197.24236643525396,0.7811382073070093
-62163,64113.77896666667,199.7280299125443,1.3110146840822285
-62707,64657.29413333334,203.69546669849038,0.5062972981758816
-62917,64867.4226,201.67027938028278,1.1874563560641034
-63096,65046.72066666667,199.17080568979725,0.6587740542098689
-63596,65546.44649999999,208.9757824141881,3.3382138526070633
-63814,65764.51269999999,198.17360428453378,0.7423763436748283
-63987,65937.23266666668,200.59108353507256,1.4596360005568931
-64489,66439.3055,204.3859977224767,2.8744808900052328
-65009,66959.71066666667,207.20522458616006,1.6867769716178052
-65364,67314.5875,201.14189964947187,2.002321175210418
-65779,67729.6785,203.758804582249,1.0599860055072454
-66196,68146.18849999999,200.17043811242027,1.6175015368730532
-66669,68619.99346666667,203.42547248921588,0.5692673058598249
-67131,69081.5285,205.42035908699594,0.8930644015592242
-67642,69592.01713333334,211.2583877926514,1.1272728187156154
-68102,70052.1648,215.55081317503786,1.775314860630425
-68477,70427.26266666668,220.32661122546068,0.5476438842363787
-68978,70928.87216666664,225.17215906542418,1.3788961042233665
-69329,71279.16903333334,235.01577011604033,1.2390352850820374
-69743,71693.65023333335,237.5634446299485,0.7545232842425287
-70142,72092.81486666668,239.45635365708617,0.8837431869705584
-70540,72490.14999999998,232.79086554237838,0.9362796900036766
-70916,72866.04366666666,232.33476105332247,0.9669352322296013
-71269,73219.31633333334,230.89095840633553,2.0903064188268137
-71800,73750.95566666668,232.73507960739272,0.9352211498299682
-72271,74221.48233333335,231.3339802376306,0.7002675660137408
-72575,74525.645,241.2403946279206,0.9823388858331388
-73117,75067.95149999997,243.27000593612678,1.6234082934671858
-73595,75545.13366666668,249.52367746086176,0.739188557197642
-73900,75850.65049999999,249.93957236494836,0.6312608341102495
-74297,76247.47216666667,239.34140543854346,1.1246540641246754
-74746,76696.73599999998,238.01317290414426,1.980602707725798
-75106,77056.4805,231.68344444807624,1.5425260726863828
-75665,77615.91499999998,224.91795384960736,1.2971109768474158
-76130,78080.753,226.64717080896844,0.8409856276132861
-76557,78507.94999999998,224.1427524434798,0.6475957884285086
-77019,78969.54013333334,227.2993454606292,0.5594774056151716
-77460,79410.36299999998,229.25533496544978,1.3440056547131476
-77927,79877.75800000002,234.74268285165846,0.7243919054640138
-78380,80330.36249999997,230.60058478694174,0.6188836081658208
-78771,80721.78550000001,233.92301778529907,1.4557639895311743
-79256,81206.94249999998,230.32953997112173,0.7956939133508402
-79761,81711.43100000001,234.13416436720672,1.1690031548929674
-80118,82068.79049999997,238.88896579028287,0.9379588522496312
-80576,82526.7192,240.87295493897983,1.6390087862534692
-81038,82988.26099999998,246.32246412221588,0.6979685218656663
-81604,83554.11216666667,247.1003682352176,0.9963628866853147
-81990,83940.89999999997,250.78745315401204,0.7955495338655367
-82407,84357.43850000002,243.16072770547603,0.7588685397294654
-82986,84936.76899999997,238.42310352799862,1.098171452929049
-83417,85367.46933333334,234.68610329976863,0.6026558497435035
-83940,85890.6938333333,228.7630419503089,1.5702164153308857
-84548,86498.32453333335,223.37741662402166,0.7248273484194657
-85077,87027.63600000001,221.05561058442584,2.3192189426938246
-85631,87581.18,223.62974404078184,0.9255528771536036
-86186,88136.18,217.8009629500103,1.570896058914503
-86751,88701.04959999997,223.98941409211108,0.5037664470855885
-87294,89244.71600000001,227.3783735355835,1.0994600980061504
-87746,89696.25753333332,228.87834564758057,0.5827139079255338
-88367,90317.29400000001,229.73738145870655,1.2932470859753369
-88884,90834.015,231.55865048827815,0.5657796451497026
-89495,91445.03066666667,231.12075636405777,0.5746336904186475
-89999,91949.738,233.74184029367558,1.1116439014712285
-90717,92667.81750000002,232.45568865935815,2.220579734316614
-91474,93424.7096,235.1600042216258,0.825646178065128
-91873,93823.21366666668,238.20709532731436,0.7742785032639387
-92618,94568.54833333331,242.40636016295775,0.5336583881577264
-93284,95234.11400000002,242.91411717720837,1.0680429441934671
-93971,95921.48316666664,246.19646528867355,1.5429840266572261
-94524,96474.88033333335,245.7647295013877,0.5968319850410163
-95320,97270.89099999999,242.35406601147713,2.0356171058595214
-95977,97927.46450000002,239.85849997327506,0.44902024787341865
-96633,98583.72399999999,243.17988778616598,0.2329829887657525
-97411,99361.42233333335,242.98971287919505,1.0068160467597298
-98126,100076.84966666665,245.62557787811392,1.0691576059963779
-98593,100543.17833333334,247.872113110669,1.0978904362663182
-99375,101325.67500000002,244.762424566832,1.1289953724167154
-100021,101971.88500000001,240.0715355271941,0.9399178816334111
-100814,102764.77666666664,237.07327561500702,1.7537460901846784
-101358,103308.74000000002,240.68407213384208,0.9370622200614069
-102324,104274.33333333334,247.76162928794554,0.8302234054354171
-102381,104331.2290909091,238.88,1.55
-103016,104966.44545454546,242.36,2.64962962962963
-103557,105507.14848484848,248.78,9.96
-104039,105989.87272727274,257.58,4.2
-104306,106256.37575757576,241.4,2.64962962962963
-104418,106368.25454545455,244.83,3.05
-105024,106974.81818181818,240.34,2.64962962962963
-106451,108401.90909090909,236.43,2.64962962962963
-107179,109129.41818181818,244.44,1.58
-107889,109839.9696969697,244.13,2.64962962962963
-108605,110555.36363636363,246.69,2.64962962962963
-109926,111876.80000000002,257.93,2.94
-110686,112636.06060606062,256.79,2.64962962962963
-110991,112941.72727272728,263.12,2.64962962962963
-111169,113119.2696969697,264.75,3.64
-111728,113678.63636363635,260.58,2.64962962962963
-112300,114250.0,267.9,2.64962962962963
-112865,114815.39393939394,275.07,2.64962962962963
-113496,115446.67272727273,276.96,1.63
-113958,115908.57575757576,273.16,2.64962962962963
-114525,116475.57575757576,273.63,2.64962962962963
-115235,117185.55454545454,274.03,2.64962962962963
-115669,117619.36363636363,274.98,4.03
-116708,118658.26969696968,277.72,2.64962962962963
-117292,119242.51515151515,267.74,2.64962962962963
-117765,119715.5,274.59,1.3
-118194,120144.12121212122,268.73,2.64962962962963
-118592,120542.90909090909,276.82,2.64962962962963
-119476,121426.01515151517,279.48,2.26
-119891,121841.9696969697,276.61,2.64962962962963
-120150,122100.00181818182,278.25,3.4
-120342,122292.36363636363,279.0,2.64962962962963
-121063,123013.95454545454,279.16,2.64962962962963
-121680,123630.90909090909,274.6,6.56
-122009,123959.48484848485,275.87,2.64962962962963
-122454,124404.51515151515,281.54,2.64962962962963
-122867,124817.45454545454,275.52,2.64962962962963
-123342,125292.63333333335,276.81,2.78
-124063,126013.70303030303,275.15,2.64962962962963
-124749,126699.90909090909,273.02,2.64962962962963
-125012,126962.0303030303,274.93,2.64962962962963
-125363,127313.8303030303,275.78,2.64962962962963
-125553,127503.5496969697,276.88,3.83
-126074,128024.47636363636,276.03,0.28
-126222,128172.66666666667,280.72,2.64962962962963
-126516,128466.72727272726,285.76,2.64962962962963
-126928,128878.0,271.08,2.64962962962963
-127128,129078.03636363636,268.44,1.92
-127705,129655.63636363637,260.61,3.45
-128423,130373.0303030303,251.84,2.64962962962963
-128868,130818.36363636363,250.84,2.64962962962963
-129372,131322.19999999998,241.13,1.89
-130026,131976.24242424243,232.28,2.64962962962963
-130759,132709.87878787878,228.0,2.64962962962963
-130981,132931.95757575758,224.63,2.64962962962963
-131825,133775.80606060606,222.74,2.64962962962963
-132572,134522.2787878788,212.43,2.64962962962963
-134615,136565.54545454544,203.74,0.79
-135813,137763.42424242423,199.18,2.64962962962963
-136884,138834.296969697,198.55,1.08
-137999,139949.96969696967,192.75,0.19
-140410,142360.5618181818,196.51,0.95
-141701,143651.30000000002,194.59,2.64962962962963
-142849,144799.59090909088,196.02,2.64962962962963
-144158,146108.24363636365,193.59,0.64
-146283,148233.46545454545,195.81,4.05
-147516,149466.14545454548,201.78,2.64962962962963
-148644,150594.8848484849,202.51,2.64962962962963
-149494,151444.85454545452,202.35,1.86
-151824,153774.6575757576,198.78,1.73
-152939,154889.1272727273,196.3,2.64962962962963
-154356,156306.8181818182,189.38,2.64962962962963
-156716,158666.0,189.0,3.0
-157766,159716.0,185.5,3.0
-158204,160154.99999999997,187.5,3.0
-161908,163858.0,204.3,3.0
-162384,164334.65000000002,196.5,3.0
-164193,166143.0,191.6,3.0
-164834,166784.00000000003,190.1,3.0
-165964,167914.1,186.7,3.0
-166795,168745.5,183.8,3.0
-167564,169514.40000000002,196.6,3.0
-169989,171939.0,197.8,3.0
-172492,174442.0,197.7,3.0
-173883,175833.35,196.0,3.0
-174903,176853.0,190.3,3.0
-175583,177533.92500000002,189.4,3.0
-175779,177729.5,190.1,3.0
-177923,179873.0,207.7,3.0
-179352,181302.0,213.2,3.0
-180246,182196.0,217.7,3.0
-181307,183257.99999999997,198.1,3.0
-182421,184371.0,199.7,3.0
-184461,186411.0,203.4,3.0
-186487,188437.0,210.7,3.0
-187856,189806.5,231.3,3.0
-189304,191254.5,231.4,3.0
-190014,191964.075,220.3,3.0
-191124,193074.5,218.0,3.0
-193176,195126.50000000003,226.5,3.0
-193849,195799.5,220.0,3.0
-195637,197587.35000000003,226.4,3.0
-196377,198327.45,241.2,3.0
-196988,198938.0,242.6,3.0
-199802,201752.0,250.9,3.0
-200794,202744.5,239.1,3.0
-201892,203842.0,247.6,3.0
-203253,205203.27500000002,244.4,3.0
-203625,205575.75499999998,231.9,3.0
-203994,205944.575,232.2,3.0
-204409,206359.93499999997,228.6,3.0
-204946,206896.84999999998,226.3,3.0
-205290,207240.3,229.4,3.0
-205672,207622.89,231.4,3.0
-206158,208108.775,238.1,3.0
-206324,208274.52500000002,237.2,3.0
-206871,208821.56999999998,230.0,3.0
-207132,209082.25499999998,240.5,3.0
-207495,209445.04,242.2,3.0
-208016,209966.085,244.6,3.0
-208225,210175.17,243.9,3.0
-208882,210832.06500000003,247.2,3.0
-209108,211058.465,252.0,3.0
-209627,211577.835,246.9,3.0
-210128,212078.745,239.5,3.0
-210583,212533.075,257.4,3.0
-211380,213330.35,243.4,3.0
-212208,214158.81,251.2,3.0
-213130,215080.74499999997,241.4,3.0
-213962,215912.33999999997,240.3,3.0
-214356,216306.15,242.6,3.0
-214914,216864.96499999997,247.5,3.0
-215465,217415.63499999998,251.7,3.0
-215744,217694.96000000002,251.1,3.0
-216250,218200.78499999997,245.3,3.0
-217117,219067.605,240.5,3.0
-218985,220935.61500000002,214.1,3.0
-219747,221697.45999999996,216.1,3.0
-220589,222539.57500000004,207.1,3.0
-221179,223129.03499999997,208.8,3.0
-222321,224271.50500000003,205.6,3.0
-224309,226259.82500000004,203.3,3.0
-224899,226849.83500000002,215.7,3.0
-225769,227719.97500000003,235.5,3.0
-226489,228439.41499999998,234.5,3.0
-226816,228766.99000000002,233.1,3.0
-227622,229572.04500000004,224.5,3.0
-229179,231129.66,232.4,3.0
-230241,232191.76999999996,233.9,3.0
-230906,232856.06,241.6,3.0
-234040,235990.855,245.2,3.0
-234476,236426.005,252.1,3.0
-234900,236850.8,241.4,3.0
-235441,237391.655,247.4,3.0
-235955,237905.53000000003,243.1,3.0
-236475,238425.33500000002,239.1,3.0
-237058,239008.26,245.6,3.0
-237437,239387.03500000003,245.8,3.0
-237788,239738.66,247.4,3.0
-238240,240190.36500000002,252.8,3.0
-239383,241333.045,259.7,3.0
-239905,241855.39999999997,263.2,3.0
-240735,242685.46000000002,279.0,3.0
-241188,243138.52,280.2,3.0
-242171,244121.765,263.7,3.0
-242632,244582.33500000002,252.3,3.0
-243107,245057.01000000004,249.9,3.0
-243614,245564.0,236.7,3.0
-244238,246188.81000000006,230.4,3.0
-244920,246870.48500000004,219.4,3.0
-247149,249099.87000000005,214.7,3.0
-249440,251390.57000000004,200.2,3.0
-250182,252132.25500000003,213.9,3.0
-251003,252953.72000000006,195.4,3.0
-251806,253756.68000000005,196.7,3.0
-252637,254587.10500000007,195.4,3.0
-254348,256298.65999999997,199.0,3.0
-255110,257060.58500000005,201.9,3.0
-255958,257908.06500000006,204.0,3.0
-257446,259396.89500000005,203.9,3.0
-258944,260894.24000000005,209.6,3.0
-259343,261293.92000000004,205.7,3.0
-260104,262054.57500000004,208.9,3.0
-260867,262817.0950000001,214.6,3.0
-262633,264583.76000000007,228.1,3.0
-264184,266134.45000000007,199.9,3.0
-265057,267007.0,211.7,3.0
-266307,268257.83,188.7,3.0
-267045,268995.5,187.2,3.0
-267990,269940.47000000003,194.2,3.0
-269086,271036.0350000001,198.8,3.0
-270199,272149.6400000001,184.7,3.0
-271215,273165.8300000001,190.4,3.0
-272214,274164.07500000007,193.9,3.0
-273204,275154.63500000007,194.1,3.0
-274307,276257.7150000001,198.4,3.0
-275493,277443.0000000001,193.2,3.0
-276640,278590.9050000001,202.2,3.0
-277669,279619.0450000001,204.5,3.0
-278608,280558.95,211.0,3.0
-279450,281400.74000000005,215.3,3.0
-280642,282592.88999999996,223.7,3.0
-282484,284434.68000000005,231.3,3.0
-283981,285931.32000000007,228.0,3.0
-284659,286609.9550000001,226.4,3.0
-285493,287443.86,231.4,3.0
-285870,287820.05000000005,230.4,3.0
-286336,288286.42500000005,231.0,3.0
-288234,290184.5,234.9,3.0
-288913,290863.79000000004,220.4,3.0
-289612,291562.87000000005,217.1,3.0
-290868,292818.31000000006,207.6,3.0
-291700,293650.74000000005,206.0,3.0
-292505,294455.29000000004,206.7,3.0
-293414,295364.225,212.7,3.0
-294878,296828.86500000005,213.1,3.0
-296754,298704.61500000005,217.1,3.0
-297426,299376.28,224.4,3.0
-298165,300115.86500000005,231.0,3.0
-299075,301025.61500000005,236.1,3.0
-300134,302084.19000000006,239.0,3.0
-301166,303116.00000000006,236.0,3.0
-302150,304100.92000000004,240.2,3.0
-303149,305099.81000000006,240.7,3.0
-303828,305778.1500000001,250.2,3.0
-304631,306581.11500000005,248.6,3.0
-305513,307463.2650000001,244.8,3.0
-306375,308325.70000000007,225.8,3.0
-307473,309423.73,227.8,3.0
-308060,310010.975,226.2,3.0
-308826,310776.1000000001,233.2,3.0
-309720,311670.02499999997,237.8,3.0
-310643,312593.43000000005,239.0,3.0
-311393,313343.12500000006,241.9,3.0
-312101,314051.85000000003,251.6,3.0
-312886,314836.2100000001,256.7,3.0
-313707,315657.5150000001,257.1,3.0
-314500,316450.72,246.8,3.0
-315199,317149.87000000005,272.6,3.0
-315982,317932.54500000004,251.6,3.0
-316902,318852.59500000003,245.2,3.0
-317879,319829.6600000001,233.4,3.0
-318966,320916.3350000001,255.8,3.0
-319867,321817.44500000007,249.2,3.0
-321433,323383.34500000003,257.2,3.0
-322216,324166.915,260.4,3.0
-323057,325007.4050000001,260.3,3.0
-323873,325823.0,260.5,3.0
-324641,326591.0900000001,266.2,3.0
-325485,327435.83499999996,264.0,3.0
-326136,328086.81000000006,266.1,3.0
-326820,328770.75000000006,270.1,3.0
-327464,329414.29,271.9,3.0
-328103,330053.32500000007,275.1,3.0
-329343,331293.55000000005,265.0,3.0
-330194,332144.11500000005,271.7,3.0
-330848,332798.62000000005,272.6,3.0
-331550,333500.08999999997,273.1,3.0
-332047,333997.55500000005,282.4,3.0
-332399,334349.49500000005,289.1,3.0
-332593,334543.885,288.4,3.0
-333152,335102.30500000005,298.6,3.0
-333757,335707.51000000007,278.1,3.0
-334427,336377.54,285.8,3.0
-334917,336867.81999999995,278.6,3.0
-335566,337516.67000000004,270.5,3.0
-336263,338213.50000000006,255.7,3.0
-337041,338991.43500000006,241.9,3.0
-338033,339983.8900000001,239.6,3.0
-338785,340735.0800000001,234.2,3.0
-340841,342791.56000000006,250.1,3.0
-341973,343923.5850000001,200.7,3.0
-343050,345000.8500000001,205.2,3.0
-344370,346320.90499999997,204.8,3.0
-345594,347544.8050000001,211.9,3.0
-347189,349139.0850000001,220.3,3.0
-349726,351676.3450000001,221.1,3.0
-351224,353174.595,216.2,3.0
-352462,354412.9750000001,209.4,3.0
-353867,355817.7699999999,209.2,3.0
-357060,359010.3800000001,193.0,3.0
-358733,360683.84000000014,186.1,3.0
-360617,362567.6,185.8,3.0
-363240,365190.23000000016,201.2,3.0
-366115,368065.9,206.3,3.0
-369435,371385.8700000001,201.9,3.0
-371507,373457.61500000005,199.9,3.0
-373254,375204.59999999986,214.7,3.0
-375084,377034.8800000001,224.6,3.0
-376810,378760.2400000001,229.6,3.0
-380981,382931.4849999999,227.0,3.0
-382607,384557.4450000001,240.0,3.0
-384333,386283.71000000014,239.1,3.0
-385874,387824.8150000001,246.8,3.0
-387460,389410.20500000013,245.8,3.0
-390337,392287.24999999994,258.1,3.0
-391027,392977.15151515143,259.5,3.0
-392053,394003.6909090909,273.6,3.0
-392956,394906.1030303031,260.7,3.0
-396325,398275.1272727272,276.3,3.0
-397976,399926.1636363636,277.1,3.0
-398760,400710.08484848496,283.2,3.0
-400190,402140.91515151504,283.1,3.0
-400909,402859.8363636364,275.7,3.0
-402363,404313.296969697,276.5,3.0
-403112,405062.63030303025,280.5,3.0
-404592,406542.80000000005,279.6,3.0
-405332,407282.4969696969,285.6,3.0
-406868,408818.7151515152,284.5,3.0
-407648,409598.2363636363,274.7,3.0
-408503,410453.8,282.6,3.0
-409397,411347.96969696967,283.5,3.0
-411308,413258.65454545454,274.9,3.0
-412260,414210.8606060605,264.9,3.0
-413229,415179.59393939405,271.6,3.0
-413995,415945.6060606061,276.4,1.6
-414475,416425.3151515151,271.7,1.2
-415490,417440.4424242424,273.4,1.5
-416006,417956.7818181817,271.8,1.7
-416555,418505.3030303029,274.6,1.8
-417625,419575.7818181819,273.7,0.8
-418183,420133.7636363636,271.2,1.5
-418751,420701.76363636355,273.8,1.6
-419962,421912.14545454545,268.6,1.4
-420582,422532.6545454545,266.4,1.8
-421275,423225.496969697,270.6,1.1
-422557,424507.74545454566,267.7,2.9
-423182,425132.26060606056,268.3,1.9
-423790,425740.9090909091,270.8,1.1
-424287,426237.27272727276,270.0,2.5
-424671,426621.5636363636,265.4,2.0
-425204,427154.96363636357,255.3,1.3
-425991,427941.39999999985,252.1,0.7
-426890,428840.2000000002,248.2,0.9
-427228,429178.3636363638,242.5,1.5
-429073,431023.76363636367,219.7,1.7
-430229,432179.3090909094,227.2,2.2
-431900,433850.2969696969,211.5,1.7
-432429,434379.07272727275,207.6,1.3
-433989,435939.69090909103,209.8,1.6
-435535,437485.4181818178,207.5,1.3
-437113,439063.418181818,200.3,1.6
-438709,440659.5818181819,201.7,1.6
-440280,442230.775757576,201.3,1.1
-441894,443844.6484848488,202.0,1.5
-443381,445331.72727272735,199.1,1.1
-445269,447219.18181818177,201.1,0.9
-446509,448459.1818181816,203.5,0.6
-447621,449571.03636363655,208.1,1.8
-448692,450642.8909090911,201.7,1.7
-449797,451747.2787878788,201.2,2.1
-450785,452735.8363636365,204.9,1.4
-451825,453775.6424242424,201.9,1.8
-452914,454864.3090909089,198.4,1.3
-454051,456001.6121212118,193.3,1.6
-455164,457114.43636363646,192.5,1.0
-455795,457745.1272727274,199.1,0.6
-456258,458208.2909090909,204.3,1.0
-456844,458794.00606060616,203.3,1.0
-457261,459211.5515151518,208.3,1.4
-458302,460252.2121212121,202.4,1.3
-459336,461286.06060606067,195.5,0.8
-460464,462414.10303030314,190.7,1.9
-461576,463526.6484848482,194.4,0.7
-462649,464599.47272727254,199.9,2.6
-463315,465265.3636363636,205.2,0.9
-463651,465601.72727272724,210.0,0.7
-464682,466632.29696969694,208.1,2.2
-465756,467706.64242424245,204.4,1.9
-466927,468877.7090909092,203.4,1.2
-468090,470040.1272727275,205.5,0.9
-468775,470725.97575757554,206.5,0.9
-469250,471200.793939394,215.5,2.3
-469874,471824.53333333344,218.7,0.9
-470313,472263.06666666636,229.2,1.4
-470913,472863.2727272727,232.7,0.7
-471267,473217.81818181806,243.7,1.8
-471850,473800.8484848487,243.9,1.1
-472142,474092.3636363638,245.6,0.9
-473024,474974.10909090936,241.2,1.7
-473975,475925.2000000002,233.1,0.6
-474999,476949.7999999998,232.8,1.1
-475991,477941.0000000001,236.6,1.0
-476942,478892.4606060604,239.1,0.9
-477452,479402.95151515136,236.5,1.2
-477825,479775.69090909074,231.3,1.0
-478378,480328.2969696968,220.8,0.7
-478776,480726.6848484848,218.8,2.3
-479712,481662.9636363636,223.8,1.4
-480630,482580.96363636386,223.4,1.7
-481445,483395.3818181817,227.3,1.3
-482229,484179.787878788,231.4,1.1
-482986,484936.1818181817,231.4,1.3
-483717,485667.5212121211,231.2,1.2
-484448,486398.6727272727,233.0,1.4
-485179,487129.2545454547,232.9,1.2
-485898,487848.0666666667,231.3,1.2
-486615,488565.45454545465,237.1,1.8
-487352,489302.09090909077,242.0,0.2
-487769,489719.793939394,240.9,0.4
-488076,490026.29090909084,252.8,2.5
-488544,490494.9090909091,249.3,2.7
-488783,490733.9515151515,242.6,0.6
-489501,491451.0787878788,243.3,1.3
-490204,492154.5454545456,246.7,1.6
-490913,492863.7757575757,243.7,1.4
-491643,493593.10909090925,239.7,1.9
-492350,494300.39393939386,239.1,1.2
-493074,495024.1272727274,238.3,2.0
-493775,495725.6909090908,238.5,1.4
-494494,496444.0666666664,237.6,1.6
-495237,497187.63030303037,236.4,2.1
-496015,497965.97575757577,236.5,1.7
-496787,498737.41818181844,232.8,0.8
-497576,499526.7818181818,230.6,0.5
-498354,500304.7818181817,230.8,1.0
-499133,501083.96363636357,228.2,1.7
-499911,501861.424242424,230.8,1.4
-500687,502637.63636363624,231.2,0.8
-501468,503418.92727272736,232.0,1.6
-502227,504177.187878788,232.2,1.4
-502961,504911.781818182,234.1,0.8
-503734,505684.2424242425,233.9,1.1
-504533,506483.7333333333,235.5,1.8
-505362,507312.39999999985,236.0,2.1
-506167,508117.72121212096,238.2,0.9
-506990,508940.98181818187,237.0,0.8
-507834,509784.981818182,240.3,0.7
-508702,510652.3272727273,233.4,1.0
-509562,511512.4484848484,236.4,1.4
-510413,512363.7818181817,235.2,0.5
-511254,513204.7393939395,242.0,0.8
-512083,514033.1151515151,238.2,1.0
-512897,514847.7818181817,239.2,1.2
-513700,515650.7757575757,241.5,1.3
-514470,516420.9818181818,243.0,0.5
-515204,517154.981818182,247.2,2.2
-515926,517876.0121212122,246.2,2.6
-516650,518600.4606060606,245.5,1.1
-517379,519329.12727272714,245.3,1.3
-518123,520073.3575757573,247.7,1.4
-518871,520821.80606060615,245.5,0.8
-519624,521574.4727272729,243.5,0.7
-521851,523801.8242424243,241.9,1.4
-522620,524570.8666666667,236.8,0.8
-523387,525337.0,235.8,1.2
-524156,526106.9999999999,233.7,0.7
-524945,526895.806060606,230.3,0.8
-525748,527698.6909090909,227.8,0.6
-526566,528516.6909090912,224.7,1.9
-527453,529403.4303030304,222.7,1.0
-528340,530290.5090909093,221.2,1.2
-529251,531201.3818181816,220.3,0.5
-530128,532078.7575757573,220.7,0.9
-530642,532592.5272727272,214.5,0.5
-531037,532987.5696969698,211.4,2.2
-531604,533554.3696969697,204.4,0.6
-531982,533932.2363636366,200.0,0.8
-532718,534668.181818182,195.1,0.7
-533093,535043.5636363637,193.8,0.8
-533745,535695.0545454544,190.5,1.7
-534228,536178.4727272727,199.8,1.2
-535384,537334.4727272725,199.4,0.8
-536490,538440.7636363636,205.0,0.9
-537563,539513.8181818181,206.4,0.7
-538633,540583.818181818,212.9,1.3
-539703,541653.8181818181,211.2,0.7
-540790,542740.206060606,205.0,0.8
-541894,543844.872727273,203.6,1.2
-542935,544885.987878788,208.1,0.8
-543914,545864.9090909091,210.3,1.6
-544880,546830.1454545453,209.6,1.6
-545856,547806.6787878785,209.7,0.8
-546820,548770.7757575759,204.6,1.9
-547770,549720.1090909094,202.5,1.6
-548280,550230.7272727275,208.8,0.7
-548632,550582.5454545455,213.6,0.9
-549431,551381.0909090908,215.2,0.5
-550161,552111.0909090908,219.9,0.5
-550731,552681.5636363637,221.7,1.4
-551070,553020.9212121211,222.3,0.9
-551295,553245.9878787878,226.3,0.9
-551669,553619.3939393939,222.1,1.1
-551858,553808.6545454544,220.3,0.3
-552529,554479.6181818182,223.6,1.1
-553208,555158.3454545455,224.3,2.2
-553892,555842.3454545456,226.7,1.2
-554457,556407.0242424243,233.9,1.5
-554973,556923.2909090909,241.0,1.4
-555248,557198.6545454545,243.0,0.8
-555435,557385.0545454546,249.1,2.1
-555707,557657.1393939393,244.0,1.5
-555888,557838.206060606,250.5,0.8
-556204,558154.5636363635,245.6,1.3
-556356,558306.0181818182,240.4,0.9
-556827,558777.6909090909,238.1,1.2
-557366,559316.0060606062,234.5,1.0
-557686,559636.7636363636,229.7,0.4
-557922,559872.6181818182,230.2,0.7
-558486,560436.618181818,230.3,1.5
-559015,560965.6000000001,228.3,0.9
-559500,561450.7393939394,231.6,1.2
-559938,561888.0727272726,231.9,1.2
-560360,562310.4909090908,234.6,1.5
-560705,562655.6000000001,234.1,0.9
-561184,563134.8545454546,240.1,2.1
-561585,563535.7393939394,242.3,0.5
-561977,563927.896969697,245.7,1.8
-562360,564310.5636363636,245.8,0.5
-562774,564724.3575757574,247.6,1.5
-563184,565134.296969697,251.4,1.7
-563588,565538.9636363637,252.4,1.7
-563945,565895.6424242425,252.6,1.0
-564295,566245.303030303,251.4,0.7
-564638,566588.6363636364,253.7,0.8
-564968,566918.3515151516,254.3,1.6
-565289,567239.4909090908,253.9,0.7
-565598,567548.6545454545,254.5,1.6
-565934,567884.8909090909,253.2,0.9
-566254,568204.1393939394,253.9,1.2
-566584,568534.2363636364,252.8,1.1
-566980,568930.1454545455,253.0,0.6
-567364,569314.5939393939,250.2,0.4
-567733,569683.9272727272,251.3,1.3
-568117,570067.2484848484,250.0,1.3
-568513,570463.4606060607,251.3,1.3
-568912,570862.1272727273,251.8,1.2
-569311,571261.4424242425,251.8,1.3
-569683,571633.3575757575,249.6,0.5
-570024,571974.6909090908,251.6,1.7
-570365,572315.4999999999,250.3009961681342,1.0367141312613442
-570719,572669.8727272728,246.30955184938028,1.1463086611230204
-571103,573053.5166666666,247.65697248974385,0.6803772992000607
-571525,573475.7499999998,249.18618138857704,1.083259495255621
-571963,573913.0166666665,248.72078039844754,0.3908957770107191
-572414,574364.6545454544,251.7666008144979,1.7773613165168483
-572856,574806.0000000001,251.86150476654132,0.6979653871810029
-573283,575233.9636363636,252.08002667419618,1.3008693087626229
-573704,575654.5333333331,248.8639219697805,0.9769547197838526
-574162,576112.8499999997,252.543697553062,0.521554005548807
-574649,576599.0999999999,252.8973536409592,1.0607246117810047
-575165,577115.1000000001,251.2965766771463,1.059293978043261
-575703,577653.8500000001,251.34172534675196,1.1303544188686772
-576246,578196.3499999997,251.0792763522184,0.595627620512461
-576792,578742.3499999997,249.0568689785398,0.48073952942542497
-577330,579280.5499999998,252.92340485161623,1.065351284794579
-577883,579833.1166666667,251.47302309267096,1.8038686375787312
-578260,580210.5045454543,244.13978325747763,1.670671659998862
-578451,580401.7833333332,243.8071398156684,0.868290266631439
-578864,580814.0045454544,236.17021956160747,0.3017587944803129
-579168,581118.6499999997,230.2553890769855,0.5724214276419878
-579596,581546.5272727276,225.2070402346668,1.565155138170304
-579978,581928.2999999996,219.41265806017452,0.8117183114200421
-580504,582454.5272727271,215.44586651227405,1.07096189858344
-580886,582836.2999999999,209.88341782048894,1.1769936805769108
-581624,583574.2545454543,206.68125254107684,0.5068690755391836
-582008,583958.8000000002,210.63901783350494,0.6383923432232126
-584770,586720.8424242425,223.95763277250387,0.8675012574815162
-585221,587171.8499999993,225.9929310765137,1.4457602611893452
-585938,587888.6681818177,234.40092907192803,0.5019958595323035
-586329,588279.3499999996,238.78411585346242,0.9756810880396091
-586990,588940.9045454541,246.34602904387208,1.8029438166959193
-587475,589425.3500000003,250.20456464222792,0.40071089974408963
-588090,590040.145454545,248.10464236577934,0.559608662543458
-588538,590488.8000000002,243.5553025827732,0.7599033856330139
-589069,591019.4666666666,237.37751240309967,0.7514988885033725
-590433,592383.4712121211,225.67880356583396,1.1274976170016897
-590835,592785.516666666,229.38667009211042,1.2532747452078818
-591611,593561.2454545454,233.1632188953882,0.28248060194336955
-592096,594046.754545454,238.1475936125431,0.8935873097575461
-592913,594863.8121212114,237.97721461986356,1.0535690359542107
-593486,595436.4666666667,232.91795566697328,0.5962378482178416
-594271,596221.5575757573,221.21724287329997,1.7682609591816072
-594841,596791.1333333332,216.4410115698623,0.91316283531538
-595853,597803.6136363635,216.27309709713364,1.4842578543166225
-596379,598329.7499999994,219.02228033882918,1.0028359108385987
-597268,599218.2181818187,225.97166266475014,1.1365546928663077
-597864,599814.6318181817,229.38148051861887,1.3931304975329866
-599305,601255.1499999998,232.45478922791705,1.3038065350794426
-600650,602600.7500000002,237.8582812314746,0.7911132918851009
-601999,603949.15,239.14012591458967,1.0943850856139088
-603353,605303.1499999992,244.53225161700482,0.7016670002253649
-604675,606625.9090909091,248.4801850050678,1.6785306654369767
-606029,607979.2999999997,254.57832546938147,1.2212819152641674
-607297,609247.3000000004,259.22379791893974,1.8163805355875091
-608479,610429.5000000001,257.74486774223317,0.45752465971734674
-609601,611551.0127272727,257.8151013837554,2.1059044636026454
-609650,611600.6333333328,259.6847091794925,1.1644945032222638
-610811,612761.9666666661,258.13797445364014,1.4145866443089945
-611992,613942.7999999997,256.193578648728,0.39239183410143125
-613190,615140.6,252.74797477389262,1.0558532435516896
-614349,616299.1163636366,252.8982584181087,0.6188803786276929
-614406,616356.5999999999,252.729800513971,0.9356804108588554
-615659,617609.5681818179,252.63944486217684,1.0614482021587828
-617003,618953.7499999994,248.28893339724928,1.000936592352468
-618333,620283.7499999999,245.88658787248076,0.28684579173924313
-619701,621651.4500000002,243.53068358638558,0.8113406949026285
-621000,622950.732727273,243.88545246756433,2.8407290620542276
-621104,623054.95,239.19230883467588,0.8325415437760351
-622546,624496.9499999993,237.92850701362374,1.0247168068851593
-623447,625397.9242424238,235.02330647237795,0.3465564486843668
-624097,626047.499999999,228.51222535135372,0.8830231439022055
-625019,626969.4272727271,215.70968264504967,0.4796657087953161
-625880,627830.0999999994,205.76310728563763,0.9357682297417156
-627189,629139.6181818179,199.52416462021898,0.7680869674659921
-627819,629769.852727273,205.26582182975858,0.8675590803826428
-627916,629866.1000000006,200.77734554085592,0.4993715182694097
-629576,631526.322727272,200.45706932834122,1.8142630735080978
-630406,632356.9409090906,196.49917279673912,1.514601076047805
-632127,634077.5378787883,193.09789993536265,1.5526757621230791
-632931,634881.1448484845,195.94989153226658,1.5295453093531153
-633059,635009.0333333323,194.85936588137295,1.7631466086235197
-634571,636521.56060606,194.00258992033588,0.656973472184163
-635764,637714.3666666652,195.33150117951013,1.850606616232673
-637468,639418.2651515146,188.8477364074226,0.9625092283250918
-638422,640372.2499999993,190.1777336005101,0.4988112904085067
-640124,642074.6045454537,191.38425695346518,1.0476237359173044
-640906,642856.65,191.5605717991007,1.125125660975763
-642350,644300.8272727265,195.3061298127235,1.2535435328206734
-643200,645150.6499999997,195.82042744328479,0.9496040152720904
-644426,646376.9469696959,189.88548096825593,2.0195381674049586
-645304,647254.8499999992,191.8480609628653,1.0021358748154088
-646662,648612.4181818187,193.47659870780961,0.7445260814920164
-647241,649191.0999999993,196.17149410495196,0.43847446571684556
-648398,650348.4636363634,189.2501799432969,1.217006115287788
-648997,650947.0999999997,193.44315462070247,0.710364547509546
-650154,652104.2636363631,187.2748940558699,0.5419652663388468
-650758,652708.9500000003,186.7937683040444,0.9689950746862729
-651780,653730.25,192.8691774329536,1.8458811199062075
-652488,654438.65,194.81602929906575,0.9848635910685707
-653574,655524.3499999999,199.99595342018023,0.533737275122934
-654182,656132.6499999991,200.35242454933484,0.7452710439425393
-655231,657181.0909090905,192.9341212467433,0.6495834043117569
-655704,657654.2060606063,189.23340881737832,1.782637246447658
-655771,657721.999999999,190.8769405532136,0.8745422048769677
-656814,658764.0999999994,184.098136363561,0.2872499959310805
-657343,659293.8200000001,187.3800806732598,1.0624536886831397
-657461,659411.8999999996,185.6837857761792,0.41429880571627437
-658513,660463.5499999999,188.43427447380085,0.952114568150456
-659168,661118.32,193.9700304568731,0.9860539703018263
-659265,661215.9000000005,191.59170346951032,0.7748889463688593
-660332,662282.1772727269,189.69058418048212,1.5153285959589515
-660846,662796.6094545458,193.90821704355406,2.1187140471892407
-660927,662877.5500000003,190.86103041769672,1.0188990068199388
-661987,663937.5151515151,191.02249326390395,1.2013429676122072
-662370,664320.3999999997,192.55321359717547,1.303303128464265
-662458,664408.0909090904,187.76703230989094,0.8324468692082797
-663371,665321.9393939392,180.16659707392193,1.1165737704283798
-663886,665836.5212121212,180.53768178380184,1.116933774815544
-664803,666753.3600000001,174.76867941399888,1.0439980375019227
-665459,667409.8573333337,173.71362014216885,1.3774806668983484
-666465,668415.2636363631,177.7146610306198,0.6829207941950545
-666965,668915.5375757578,180.6705433303129,0.7071238177117776
-667869,669819.2987878791,187.6555369926176,0.18350389395851932
-668346,670296.3187878784,191.5141318512642,0.9243574463449339
-669120,671070.7454545456,194.87837297832084,0.9683245955434528
-669507,671457.9260606061,196.8275423165405,0.6946123830988237
-670200,672150.8827272733,194.789560383579,0.5814576171521617
-670811,672761.3824242426,197.12915219406037,0.9922885896023796
-671746,673696.1060606058,201.1220985980582,1.0023985105114763
-672279,674229.3778787885,204.66974564632602,0.7311593303092837
-673078,675028.3999999999,211.69145610328425,0.5840187534379967
-673456,675406.5333333331,216.1224817958984,0.8064128363641915
-674580,676530.736363636,222.57485445876674,0.7600945737942328
-675202,677152.3090909093,219.96238463739664,0.6068220435788323
-675650,677600.7363636363,216.59070226826563,0.9337002877588132
-676378,678328.1818181815,218.20973466460342,1.380134405410298
-676791,678741.6193939392,220.08623711545596,1.5245742876948927
-677505,679455.3739393939,229.16045804591084,0.8058615073712767
-677785,679735.1745454543,232.70102424711226,0.8978986975794354
-678362,680312.5848484847,233.61111358821643,0.5501250025259403
-678677,680627.6078787883,233.1080061479115,1.163398055546719
-679275,681225.6733333332,225.80855816583323,1.211256716881031
-679719,681669.9266666665,227.89516025735253,1.3195337970007541
-680393,682343.7121212126,221.30626385386472,0.8869720844699525
-680790,682740.0857575755,219.1411841639893,0.9510402564768944
-681507,683457.8634848485,220.23521867492758,1.6793307751582849
-681878,683828.7524242424,222.6967127552533,0.6043873195707454
-682473,684423.6818181815,225.64160209672895,1.649888470751343
-682808,684758.0590909088,224.3560776723839,1.2948697687199315
-683344,685294.8436363635,221.82035466276145,0.7708420713808073
-683729,685679.8654545456,220.62261407272987,0.6968539570047005
-684319,686269.1090909089,220.6316642042182,1.3852335293701394
-684631,686581.8109090904,222.61792578852743,1.0450375122331623
-685204,687154.044242424,222.7044405108711,1.0539787556944247
-685495,687445.4972727271,222.96501296914875,1.242740476446459
-686050,688000.381818182,226.72892608676472,1.0037480094564408
-686350,688300.1345454548,227.65046207304692,1.3423382221382965
-686859,688809.8703030302,227.6358560751815,1.136448920064188
-687207,689157.8254545457,230.66878933516546,1.6632944084792058
-687743,689693.2575757576,232.0747771551575,1.289678689631009
-688001,689951.4515151515,232.26747586461005,1.4855775774543165
-688524,690474.6527272727,235.8000553317824,0.9915758682460468
-688786,690736.391212121,236.4535724768809,0.5292332852170494
-689271,691221.8348484851,239.2879301088554,1.0526140521315526
-689517,691467.6684848482,238.41599878810229,1.2427951974014642
-690017,691967.9624242428,239.37873479610943,1.9531625178587462
-690368,692318.3436363635,243.5623167259663,0.5615712358602863
-690882,692832.4590909089,239.2983940505077,1.2702858850717482
-691127,693077.0923636364,238.47330442832686,2.146507655433375
-691624,693574.0430303031,243.6995486644999,2.1001610782243145
-691871,693821.2928787881,237.75600797769894,0.8390637265288013
-692330,694280.3484848483,239.34063326328518,0.9852721995442375
-692586,694536.8242424241,240.45669225384142,0.706995324711814
-692999,694949.1381818183,239.31113174299168,0.9149304994304087
-693309,695259.2618181818,239.79653384828728,1.4236919582148562
-693782,695732.3090909093,236.79873479326412,0.5690322368477511
-694031,695981.88,238.73723027829791,1.4643830907130537
-694484,696434.8896969694,238.0518499460627,1.5192031536532
-694694,696644.8345454544,238.13269799082363,1.2835785695066602
-695140,697090.2909090907,239.4354918894625,0.9602570570952549
-695392,697342.4521212119,238.41997928360914,1.1080601774993268
-695796,697746.6751515149,239.884743914407,1.274905017933054
-696089,698039.0036363635,241.02991515817237,0.7922983600174459
-696555,698505.5381818184,240.89904625193032,1.9198505668566448
-696803,698753.2309090907,241.8320311598419,0.7341267046957969
-697265,699215.7512121215,238.8636108455049,1.0218918248494921
-697489,699439.0187878788,239.00952129629684,0.6497623661608994
-697914,699864.7075757575,239.72641961823388,0.7994093552529205
-698153,700103.6854545457,237.20611593740935,0.5512069977009676
-698535,700485.0242424243,236.7173884297771,0.6524884589654495
-698864,700814.8381818184,236.60700141533357,0.4848020176850984
-699318,701268.527272727,235.4215271002262,0.9696813467969794
-699574,701524.5236363634,232.4560078431405,0.5413149660834912
-700043,701993.1490909093,230.88479116742866,1.0192437361272138
-700250,702200.9236363637,232.162121529527,0.749892869556236
-700784,702734.2727272725,232.1824465330735,1.6181229748887094
-701059,703009.9848484849,230.58782898361125,0.25590106736241497
-701518,703468.5218181817,233.35390620979757,1.2560202606279032
-701846,703796.0731818182,232.28052064575172,1.1232284084836799
-702300,704250.5218181817,232.82958847745473,0.5223882324016058
-702631,704581.8054545454,233.54448715907165,1.3579838280093441
-703103,705053.3442424244,234.04269676194465,0.46375458507322664
-703293,705243.9090909093,235.09172492612444,1.678910402112148
-703776,705726.9518181817,237.18468030646915,1.3260284797880697
-704103,706053.1981818182,237.66123151682797,1.5677114479839878
-704542,706492.9518181819,236.05369135840695,1.751908720085537
-704760,706710.7395454546,236.04534030139132,0.9321061942307596
-705360,707310.6972727273,238.84806965208156,0.7954888196751801
-705693,707643.7254545457,233.50528810247422,1.4608821629261608
-706249,708199.6806060602,233.5834734270881,1.0034731769051097
-706463,708413.4484848484,233.11228487432953,1.0084088518327274
-707009,708959.1515151514,234.83616059567032,1.1452033009545937
-707503,709453.7878787875,231.43297127712552,0.8594372070505555
-707959,709909.5454545452,230.50735989141307,0.9947648551902576
-708506,710456.4545454548,227.03282273035802,0.7326408880228399
-709033,710983.3563636366,224.9017352890244,0.6243739057945483
-709449,711399.0436363637,225.38896913374532,0.291783548070744
-710071,712021.4654545452,224.12344691621362,1.4853738817191908
-710293,712243.7272727275,224.00174372112798,1.446255348232054
-711362,713312.5,223.8856925917568,0.4686841472687137
-712115,714065.578181818,227.63734055505353,1.6085689588669903
-712453,714403.7969696966,227.08319713303533,2.013014658797588
-713165,715115.732727273,223.14262795384457,0.5882266014336878
-713615,715565.3763636363,227.5826981949172,0.5548756557206188
-714360,716310.1630303029,213.59999290263295,0.6576049913218635
-714635,716585.909090909,210.50988746288758,1.6545488906952164
-715398,717348.2727272725,198.42559568024177,1.1695152879867936
-716005,717955.4848484852,189.87843381686548,1.1284184900240544
-716828,718778.348484849,193.46090298257135,1.640632587462134
-717337,719287.1818181823,200.8234844705578,0.7526617381262202
-718137,720087.2854545454,212.030518626341,0.8419713032197595
-718640,720590.7595454546,217.04269113163494,0.8974725947040259
-719457,721407.5168181815,219.2003556861584,1.178419451540072
-719739,721689.8636363633,218.956944794401,1.2689508232038187
-720555,722505.8105454544,216.09677010835378,2.0217988321927587
-721044,722994.5945454545,212.108071771009,0.6856075897029287
-721830,723780.2266666669,212.54540888381376,1.7706876507822464
-722191,724141.9999999999,214.0125927948141,1.1858159008333498
-723025,724975.3554545457,210.4806821716978,0.36931374767780506
-723524,725474.4313636366,211.49197634968232,1.2784133640994195
-724299,726249.591818182,211.07599555762198,1.0738711427455858
-724626,726576.8636363636,211.42656926315465,0.768221078155295
-725948,727898.5024242426,210.06750978548357,1.6249985781001226
-726643,728593.9021212123,210.24197486380825,0.833751855826365
-727037,728987.5303030305,211.0778130948141,0.7849794388631725
-727886,729836.9384848482,210.0149974521128,1.0076210785622728
-728310,730260.314545455,212.17164661528162,1.7206724434211438
-728958,730908.3136363637,210.16351745201928,0.6944432439485729
-729234,731184.2272727275,210.70237305797798,0.3431822743997105
-729910,731860.9999999998,211.62321092369945,0.3588521139551704
-730371,732321.75,213.73187878271673,1.8854882984046404
-731043,732993.4999999999,208.1143039021245,1.2435557905969836
-731378,733328.9999999995,207.72075200492253,0.8135814333168072
-732072,734022.2299999999,210.60174265873587,1.0330517800850967
-732512,734462.6199999998,216.1485998526368,1.812891840158939
-733184,735134.5709090909,214.6624205315424,0.7118362282959495
-733459,735409.909090909,217.88283774216444,0.8310894094275411
-734157,736107.3054545454,217.1944729687879,1.3798894010140397
-734572,736522.2181818187,213.14402038614645,1.6602737935191392
-735319,737269.8193939395,206.92018121563933,1.5556306173987606
-735710,737660.1154545457,204.51910387695122,1.494086940454806
-736630,738580.9945454549,191.7441063146352,0.9268977898068326
-737224,739174.5554545455,185.6096600660596,0.3341665308131939
-738156,740106.4524848479,185.40236646163788,2.3842786702936385
-738510,740460.9242424242,183.39253921478078,2.4034392529053266
-739379,741329.9024242423,184.76708470912362,2.0713820159601886
-739924,741874.1339393943,189.1426274551468,1.3085340532343355
-740694,742644.7490909089,188.64664196412704,2.7074387385724004
-741112,743062.1696969698,187.3271928405565,0.7156315365533596
-742009,743959.0763636365,188.17959977716015,0.9098234696957471
-742573,744523.1418181813,188.96881973948896,0.8979745666580884
-743721,745671.0454545448,187.29232436787936,1.2426789240540344
-744669,746619.9260606065,190.24154927677864,0.42115080359992735
-745227,747177.0375757577,187.91988159174213,0.31799000349426576
-745990,747940.1957575758,187.95228432826852,1.2727042394874546
-746386,748336.8809090916,187.54375693792414,0.8433095140470652
-747312,749262.9345454549,188.67887489361217,1.262406998466751
-747864,749814.1786666662,190.17483689562673,1.7559892034321856
-748756,750706.4409090908,192.07592238803636,1.5705611513082027
-749086,751036.2499999993,191.29603626015793,1.3840358241033597
-750023,751973.8681818177,193.54717137122026,1.8834206894219847
-750615,752565.8818181817,197.49572596202373,1.299814586973093
-751539,753489.0690909092,195.43388919380428,0.34071159513423005
-751984,753934.6545454543,203.90279658442103,1.8398664573343373
-753164,755114.5775757573,199.04605364141202,1.700036765249698
-753636,755586.8284848488,203.2996954570858,1.5268927099251228
-754616,756566.1684848485,208.10367110123954,1.9610864278415796
-754900,756850.6803030302,209.44507971285617,1.3575417299054444
-755835,757785.4509090913,213.61139014973043,2.1519463764930458
-756412,758362.4157575755,218.3519526756556,2.335383460485207
-757185,759135.6915151512,222.72008593220357,1.502447772361501
-757611,759561.8787878784,226.94301148021165,1.4209634792271384
-757928,759878.2121212124,223.02365546155636,0.6806059370189325
-758158,760108.2727272728,225.37366760867587,1.7536142467968638
-758566,760516.0551515151,225.61582539678184,2.3307986425963385
-758989,760939.9418181818,222.7085788690187,1.2338040018088925
-759914,761864.4881818183,216.64080861985224,0.7548597722786945
-760216,762166.0430303031,214.6940079861074,1.1181730188208159
-761151,763101.8036363634,213.99980285899034,1.8618855596923896
-761820,763770.5842424238,219.9481576823577,0.2304823901300957
-762726,764676.8824242424,223.89295015434178,2.0579804698215813
-763231,765181.816565657,222.92608638468548,0.9183284521864634
-763636,765586.6363636359,233.66090567198847,3.049592400299363
-763901,765851.4848484849,229.40748753827657,2.674206001409535
-764238,766188.504545454,232.11545547204435,1.3779113623738903
-764858,766808.9121212122,230.6229188352788,0.8856951018895258
-765797,767747.1624242424,224.86466602091244,1.5583463150223578
-766167,768117.2575757578,223.81796491327836,0.5111583821535205
-767111,769061.3843939397,221.64093650394082,0.4114942734991057
-767701,769651.4236363642,225.86635666622993,0.9485926495573357
-768649,770599.1466666668,230.62690342109488,2.1082870613468976
-769070,771020.6666666664,229.56423626852964,1.803812260694781
-769569,771519.3333333333,236.31890028889168,1.6377157101793518
-769862,771812.666666667,234.24054819146698,1.6134880301460466
-770225,772175.2645454548,239.7120056138232,1.8702878916783852
-770524,772474.5636363636,243.88525238228885,1.102025199411039
-770787,772737.9595454549,246.49456803753532,2.1704365867511104
-771045,772995.6363636361,243.85475201990903,2.0915352179234943
-771299,773249.8181818182,246.03058180018394,2.4452714908191937
-771734,773684.4690909092,237.7794476149145,1.513350883182352
-772094,774044.1363636358,239.23120240300534,1.003750096848397
-773008,774958.808181818,238.38507756925242,2.258983127720132
-773588,775538.0110606056,241.7410824819303,0.8747274112657089
-774382,776332.2587878784,245.31805526765157,0.3600558657021887
-774832,776782.6969696968,248.92347258064217,0.627472504962422
-775731,777681.7496969699,247.30321033010094,2.010076076940313
-776282,778232.7918181821,252.45553887568798,0.6673164127447155
-777107,779057.9836363638,254.92704442683268,0.4849938599409939
-777417,779367.5454545458,254.68956208931286,1.1298180188233868
-778238,780188.9227272724,254.43210628699566,2.360097406907842
-778769,780719.4363636365,252.52125685420285,0.9329457016592285
-779612,781562.8318181814,257.21033919112165,0.6046787703325509
-779936,781886.6818181819,251.50919000069746,0.7031595294752219
-780778,782728.4496969697,257.43630369580933,0.6529222533852811
-781248,783198.5296969693,255.01817636257545,1.058782846188347
-782311,784261.7558787881,260.91815012089876,2.5124151989298675
-783084,785034.0824242425,255.84554031289508,0.6588671140369755
-783569,785519.0509090904,259.66462384723866,0.2405433853193871
-784239,786189.6018181813,262.229808343788,2.567331214046642
-784613,786563.2569696968,264.34502908314164,1.3826529041805364
-785405,787355.5127272734,269.3559592885488,1.257992802419019
-785853,787803.5690909092,265.99732874144445,0.7336300077526301
-786529,788479.2399999999,257.19893666253785,1.524640201560276
-786741,788691.8715151517,257.0184549055622,2.689934642042693
-787544,789494.0409090909,238.64095357456617,0.7801470315666661
-788003,789953.0090909094,235.48574308581584,2.9910098309067688
-788689,790639.4051515154,227.37775029010015,0.844955417896738
-789106,791056.8827272729,230.55013467896873,1.7660822340709659
-790080,792030.783636363,224.68576227610308,3.6724532091681543
-790667,792617.3012121207,214.45035139887406,2.5334532825462515
-791569,793519.3888888892,213.35775959891657,1.6000218758630544
-791902,793852.7583333338,218.39264166858874,1.9268310175163927
-793172,795122.454545454,208.7893628439667,1.6721751137071554
-793737,795687.3181818175,204.61750641580798,1.9876169747805548
-794902,796852.590909091,198.79240364499174,2.095588158849461
-795428,797378.8181818188,197.90878630711256,1.41523773542334
-796731,798681.2978787882,200.48945586551156,2.18898909922407
-799286,801236.0590909094,198.68361088983107,1.7362042874796464
-800922,802872.087424243,198.6572141815183,0.9826471295306928
-801759,803709.2524242424,202.64710592439062,1.0430494297396091
-801975,803925.2843758516,202.92172318213744,2.064487911657036
-802059,804009.8706065303,207.49864546768262,0.9150827154906018
-802572,804522.6746300211,204.86193803431442,1.6428507646376431
-803182,805132.4423336205,202.2268391289192,0.6895867287509932
-803718,805668.8684046668,207.28544010704545,2.202808377356489
